936912	Σήμερα η θάλασσα ήταν ζεστή!	1078759	I dag var havet varmt!
1583269	Δεν ελπίζω.	1583570	Jag hoppas inte det.
1603322	Μπορώ να φύγω τώρα;	1603328	Får jag gå nu?
3984531	Αγαπάτε τη μητέρα σας;	3993193	Älskar ni er mor?
3963729	Πως έλυσες το πρόβλημα;	3993226	Hur löste du problemet?
3961033	Σήμερα δεν αισθάνομαι καλά και προτιμώ να μείνω στο σπίτι.	3993262	Jag mår inte bra idag och föredrar att stanna hemma.
3899605	Μου αρέσουν τα πάρτι.	3993284	Jag gillar fester.
3895518	Δεν θέλω να ζήσω σε μεγάλη πόλη.	3993317	Jag vill inte bo i en stor stad.
3881176	Δεν είστε έτοιμες.	3993335	Ni är inte redo.
3881176	Δεν είστε έτοιμες.	3993341	Ni är inte klara.
3868755	Αυτό το αυγό μυρίζει άσχημα.	3993352	Det här ägget luktar illa.
1321513	Ξέχασα το ΡΙΝ μου!	4023041	Jag har glömt min kod!
1321513	Ξέχασα το ΡΙΝ μου!	4023044	Jag har glömt min PIN-kod!
1308897	Είναι σχεδόν 20 χρονών.	4023059	Han är nästan tjugo.
1308897	Είναι σχεδόν 20 χρονών.	4023060	Han är nästan tjugo år.
1308897	Είναι σχεδόν 20 χρονών.	4023063	Hon är nästan tjugo år.
2422647	Δε μιλάει σχεδόν καθόλου αγγλικά.	4023101	Han kan nästan ingen engelska.
2422647	Δε μιλάει σχεδόν καθόλου αγγλικά.	4023102	Hon kan nästan ingen engelska.
2904456	Αυτός σχεδόν ποτέ δεν εργάζεται.	4023105	Han jobbar nästan aldrig.
2993325	Είναι σχεδόν πάντα σπίτι του.	4023109	Han är nästan alltid hemma.
1533818	Δεν γνωρίζω σχεδόν τίποτε γι 'αυτό.	4023116	Jag kan nästan ingenting om det.
3697172	Κάνω μπάνιο σχεδόν όλες τις ημέρες.	4023122	Jag duschar nästan varje dag.
3697172	Κάνω μπάνιο σχεδόν όλες τις ημέρες.	4023124	Jag badar nästan varje dag.
3440481	Πίνουμε σχεδόν τρια λίτρα νερό σε μια μέρα.	4023128	Vi dricker nästan tre liter vatten under en dag.
3986295	Η σύζυγός του είναι Γιαπωνέζα.	4025760	Hans fru är japanska.
3963745	Περισσότερο μου αρέσει το κόκκινο παρά το λευκό κρασί.	4025764	Jag föredrar rött vin framför vitt.
3963716	Πως ονομάζεται ο σκύλος σας;	4025766	Vad heter din hund?
3963716	Πως ονομάζεται ο σκύλος σας;	4025767	Vad heter er hund?
3963710	Εγώ είμαι από τη Νορβηγία.	4025769	Jag är från Norge.
3924457	Δεν έχετε καστανά μάτια.	4025773	Du har inte blå ögon.
3924457	Δεν έχετε καστανά μάτια.	4025774	Ni har inte blå ögon.
3898623	Βλέπω ότι έχεις ένα ελληνικό όνομα.	4025777	Jag ser att du har ett grekiskt namn.
3845164	Αγοράζω έπιπλα από τα ΙΚΕΑ.	4025778	Jag köper möbler på Ikea.
3841434	Όταν έχω χρόνο, πηγαίνω στο εστιατόριο.	4025779	När jag har tid går jag på restaurang.
2422516	Ειλικρινά αγαπητή μου, δεν δίνω δεκάρα!	4027224	Ärligt talat, kära du, jag bryr mig inte ett skvatt!
4025458	Μπορώ να σε προσθέσω στο Facebook;	4030600	Får jag lägga till dig på Facebook?
3789082	Οδηγείς σαν μανιακός!	4030604	Du kör som en galning!
3786881	Πληρώνω προκαταβολικά.	4030608	Jag betalar i förskott.
3786815	Αυτό το αυτοκίνητο είναι δικό του.	4030609	Den här bilen är hans.
3778155	Ο κόσμος δεν περιστρέφεται γύρω από σας.	4030625	Världen kretsar inte kring dig.
3778155	Ο κόσμος δεν περιστρέφεται γύρω από σας.	4030629	Världen kretsar inte kring er.
4038055	Τροχαία ατυχήματα συμβαίνουν καθημερινά.	4038830	Trafikolyckor sker varje dag.
4038055	Τροχαία ατυχήματα συμβαίνουν καθημερινά.	4038834	Trafikolyckor sker dagligen.
331190	Σας είπα ήδη ότι δεν είναι εδώ.	4038894	Jag har redan sagt att han inte är här.
331190	Σας είπα ήδη ότι δεν είναι εδώ.	4038898	Jag har redan sagt att hon inte är här.
338352	Το φιλμ κράτησε δύο ώρες.	4038941	Filmen var två timmar lång.
338352	Το φιλμ κράτησε δύο ώρες.	4038944	Filmen varade i två timmar.
338359	Θα σου δείξω την πόλη.	4038956	Jag ska visa dig stan.
338360	Θα το ξαναπροσπάθησω.	4038962	Jag ska försöka igen.
338363	Έχεις χαθεί;	4039022	Har du gått vilse?
338392	Καλή ερώτηση.	4039030	Bra fråga.
338776	Τον λογαριασμό, παρακαλώ.	4039037	Notan, tack.
425912	Με βοήθησε πολύ.	4039042	Han hjälpte mig mycket.
425912	Με βοήθησε πολύ.	4039043	Hon hjälpte mig mycket.
683875	Ευχαριστώ!	4039049	Tackar!
425918	Είναι ολοκαίνουργιο.	4039056	Den är splitter ny.
715917	Θέλω να πιώ ένα καφέ.	4043697	Jag vill ha kaffe.
715908	Δύο καφέδες, παρακαλώ.	4043698	Två kaffe, tack.
715906	Με τον ενθουσιασμό και την αποφασιστικότητα του, είναι παράδειγμα για την υπόλοιπη ομάδα.	4043707	Med sin entusiasm och beslutsamhet är han ett föredöme för resten av laget.
716019	Μπορώ να διαβάσω χωρίς γυαλιά.	4043896	Jag kan läsa utan glasögon.
715916	Ο ορισμός της "οικογένειας" έχει αλλάξει με τα χρόνια.	4043915	Definitionen av "familj" har ändrats med åren.
715916	Ο ορισμός της "οικογένειας" έχει αλλάξει με τα χρόνια.	4043921	Familjebegreppet har förändrats med åren.
716039	Την βλέπω σαν να'ναι αδερφή μου.	4043926	Jag betraktar henne som om hon vore min syster.
716038	Την βλέπω σαν αδερφή μου.	4043930	Jag betraktar henne som en syster.
716036	Μην αφήνεις τα συναισθήματα σου να φανούν.	4048021	Visa inte dina känslor.
716028	Πήρα το ασανσέρ μέχρι τον τρίτο όροφο.	4048025	Jag tog hissen till tredje våningen.
716028	Πήρα το ασανσέρ μέχρι τον τρίτο όροφο.	4048402	Jag åkte hiss till plan tre.
4058079	Γιατί δεν μπορείς να έρθεις;	4060606	Varför kan du inte komma?
4058064	Γνωρίζω το όνομά σου.	4060609	Jag vet vad du heter.
4058060	Η απάντησή σου είναι λανθασμένη.	4060612	Ditt svar är fel.
4058060	Η απάντησή σου είναι λανθασμένη.	4060617	Ditt svar är felaktigt.
4058055	Απλώς ακολούθησε την καρδιά σου.	4060618	Bara följ ditt hjärta.
3352038	Άκουσέ με καλά.	4060623	Hör noga på mig.
3353995	Ο Τομ κοιμήθηκε.	4060626	Tom sov.
3352055	Σας παρακαλώ να μιλάτε πιο αργά.	4060634	Kan du vara snäll och prata långsammare.
3352055	Σας παρακαλώ να μιλάτε πιο αργά.	4060637	Kan ni vara snäll och prata långsammare.
3352055	Σας παρακαλώ να μιλάτε πιο αργά.	4060638	Kan ni vara snälla och prata långsammare.
3352031	Δε γνωρίζω ακόμα όλες τις λεπτομέρειες.	4060641	Jag känner inte till alla detaljer ännu.
3352031	Δε γνωρίζω ακόμα όλες τις λεπτομέρειες.	4060642	Jag känner inte till alla detaljer än.
3352031	Δε γνωρίζω ακόμα όλες τις λεπτομέρειες.	4060643	Jag känner ännu inte till alla detaljer.
3352017	Εγώ περίμενα τον Τομ.	4060645	Jag väntade på Tom.
3351903	Διαβάζεις το μπλογκ του Τομ;	4060651	Läser du Toms blogg?
3351895	Ο Τομ πάντα κρατάει το λόγο του.	4060654	Tom håller alltid sitt ord.
3350218	Αυτός με σύστησε σε όλους τους φίλους του.	4060660	Han introducerade mig till alla sina vänner.
3837018	Αυτός διέκοψε την πρότασή σου.	4065420	Han avbröt dig mitt i meningen.
3835725	Όλα έγιναν πολύ ακριβά.	4065427	Allt har blivit så dyrt.
3750379	Κανένα πρόβλημα.	4065434	Inga problem.
3750374	Το κάπνισμα επηρεάζει την υγεία σου.	4065436	Rökning är skadligt för din hälsa.
4048834	Είναι Σάββατο.	4069305	Det är lördag.
4048823	Ψάχνω δουλειά.	4069308	Jag söker jobb.
4048823	Ψάχνω δουλειά.	4069309	Jag söker arbete.
4048831	Η μπέμπα κλαίει.	4069314	Bebisen gråter.
4048831	Η μπέμπα κλαίει.	4069316	Babyn gråter.
4048831	Η μπέμπα κλαίει.	4069318	Bäbisen gråter.
1309810	Ανησυχώ πολύ για σένα.	4069322	Jag är väldigt orolig för din skull.
2927813	Ανησυχώ για την ασφάλειά της.	4069325	Jag oroar mig för din säkerhet.
2391991	Αυτός ανησυχεί για το μέλλον του.	4069328	Han oroar sig för sin framtid.
1543877	Ο Tom είπε στη Mary να μην ανησυχεί.	4069333	Tom sa till Mary att hon inte skulle oroa sig.
4048825	Κάλεσε το γιατρό!	4069475	Kalla på läkare!
3868584	Ξέρετε πού είναι η Χόλι;	4069483	Vet ni var Holly är?
3868582	Ξέρεις πού είναι η Χόλι;	4069484	Vet du var Holly är?
3866337	Είναι ξεκάθαρο ότι είπες ψέμματα.	4069496	Det är uppenbart att du ljuger.
3772005	Τίποτε δεν είναι δωρεάν.	4075696	Ingenting är gratis.
3771982	Που ζει ο θείος σου;	4075735	Var bor din morbror?
3771982	Που ζει ο θείος σου;	4075738	Var bor din farbror?
3771967	Το Όσλο είναι η πρωτεύουσα της Νορβηγίας.	4075744	Oslo är Norges huvudstad.
3769943	Πόσους συνδρομητές έχει αυτό το περιοδικό;	4075822	Hur många prenumeranter har den här tidskriften?
3769912	Ένας φίλος μου σπουδάζει στο εξωτερικό.	4075825	En av mina vänner studerar utomlands.
3769855	Αυτή είναι μια πολύ καλή φράση.	4075906	Det här är en jättebra fras.
3769849	Εγώ διδάσκω.	4075916	Jag undervisar.
3769937	Γεια σου Σουζάνα. Πως πάει;	4075921	Hej Susanna! Läget?
3769937	Γεια σου Σουζάνα. Πως πάει;	4075925	Hej Susanna! Hur är läget?
3769844	Αυτή έχει καλό γούστο.	4075968	Hon har bra smak.
3769843	Αυτός είναι μουγγός και κουφός εκ γενετής.	4076008	Han är stum och döv från födseln.
3769843	Αυτός είναι μουγγός και κουφός εκ γενετής.	4076011	Han är stum och döv sedan födseln.
3769839	Αυτός δουλεύει στην τράπεζα.	4076013	Han jobbar på banken.
3768425	Χρειάζεται να σας κάνω μερικές ερωτήσεις.	4076031	Jag behöver ställa dig några frågor.
3768425	Χρειάζεται να σας κάνω μερικές ερωτήσεις.	4076034	Jag behöver ställa några frågor till dig.
3768425	Χρειάζεται να σας κάνω μερικές ερωτήσεις.	4076036	Jag behöver ställa er några frågor.
3768425	Χρειάζεται να σας κάνω μερικές ερωτήσεις.	4076039	Jag behöver ställa några frågor till er.
3768511	Μου αρέσει το κοτόπουλο.	4076043	Jag gillar kyckling.
3768512	Το αγόρι πήγε σχολείο.	4076044	Pojken gick till skolan.
3768408	Αυτός δεν έχει καθόλου οικόσιτα ζώα.	4076075	Han har inga husdjur alls.
4082267	Τα ρούχα του Τομ είναι παλιά, αλλά καθαρά.	4084476	Toms kläder är gamla men rena.
4082248	Αυτό το βιβλίο είναι χωρισμένο σε τέσσερα μέρη.	4084489	Den här boken är uppdelad i fyra delar.
4082183	Θα ήθελα να αγοράσω αυτό το ρολόι, αλλά είναι, δυστυχώς, πολύ ακριβό.	4084950	Jag skulle vilja köpa det här armbandsuret men det är tyvärr för dyrt.
4082183	Θα ήθελα να αγοράσω αυτό το ρολόι, αλλά είναι, δυστυχώς, πολύ ακριβό.	4084954	Jag skulle vilja köpa den här klockan men den är tyvärr för dyr.
4082178	Έχετε φτηνά δωμάτια;	4084955	Har ni billiga rum?
4082216	Αυτή πουλάει ναρκωτικά σε συναυλίες.	4084959	Hon säljer narkotika på konserter.
4082216	Αυτή πουλάει ναρκωτικά σε συναυλίες.	4084961	Hon säljer knark på konserter.
4082233	Το σπίτι μου είναι στη δυτική πλευρά του δρόμου.	4084969	Mitt hus ligger på väster sida om vägen.
4082272	Αυτό το βιβλίο ήταν τυπωμένο στα Αγγλικά.	4084975	Den här boken är tryckt på engelska.
4082225	Έχεις τόσο ωραία γραβάτα.	4084980	Du har så snygga slipsar.
4082225	Έχεις τόσο ωραία γραβάτα.	4084982	Du har så fina slipsar.
4082204	Το μωρό μπορεί να βαδίσει.	4084988	Ungen kan gå.
3768517	Αυτός με βοηθά.	4087083	Han hjälper mig.
3768514	Αυτός με βοήθησε.	4087084	Han hjälpte mig.
3768509	Δε θέλω να πεθάνω.	4087086	Jag vill inte dö.
3768375	Είμαι ειρηνίστρια.	4087332	Jag är pacifist.
3768365	Θυμάμαι ακόμα το όνομά του.	4087338	Jag kommer fortfarande ihåg hans namn.
3768360	Όλοι έχουμε τα μυστικά μας.	4087343	Vi har alla våra hemligheter.
3772214	Μου αρέσει να κάθομαι πίσω στο λεωφορείο.	4089529	Jag gillar att sitta långt bak i bussen.
3772210	Αύριο ξεκινάω.	4089531	Jag börjar imorgon.
3772202	Κάθε μέρα πεθαίνουν άνθρωποι.	4089532	Människor dör varje dag.
3763929	Ο Τομ είναι φτωχός.	4089541	Tom är fattig.
3763919	Εγώ είμαι έτοιμος, εσύ;	4089547	Jag är klar, är du?
3763919	Εγώ είμαι έτοιμος, εσύ;	4089548	Jag är redo, är du?
3763905	Προσπάθησε ξανά.	4089550	Han försökte igen.
3763905	Προσπάθησε ξανά.	4089551	Hon försökte igen.
3753452	Όλοι θα πεθάνουμε κάποια μέρα.	4089559	En vacker dag dör vi alla.
3753450	Ο χρόνος φεύγει.	4089560	Tiden går.
3753442	Έχω μια νέα διεύθυνση ηλεκτρονικού ταχυδρομείου.	4089563	Jag har en ny e-postadress.
3753223	Ας το κάνουμε συνοπτικά.	4089567	Låt oss fatta oss kort.
4076163	Τα ταξί είναι ακριβά.	4094103	Taxi är dyrt.
3950076	Ο Θωμάς δεν είναι μαθητής εδώ.	4094120	Thomas är inte elev här.
3932824	Υπάρχουν πολλές μεγάλες πόλεις στη Βραζιλία.	4094123	Det finns många stora städer i Brasilien.
3899593	Εκεί πήγα μόνο μια φορά.	4094126	Jag har bara varit där en gång.
3899590	Είστε δεκαεπτά ετών;	4094127	Är du sjutton?
3899590	Είστε δεκαεπτά ετών;	4094129	Är du sjutton år?
3899590	Είστε δεκαεπτά ετών;	4094131	Är ni sjutton år?
3750385	Προσπαθώ να αποταμιεύσω χρήματα.	4094170	Jag försöker lägga undan pengar.
3750384	Κλείδωσε την πόρτα!	4094172	Stäng dörren!
4124010	Άνθρωποι συγκεντρώθηκαν στο πάρκο.	4131046	Människor samlades i parken.
4124010	Άνθρωποι συγκεντρώθηκαν στο πάρκο.	4131052	Människor skockade sig i parken.
4123998	Αυτός έχει βαθιά φωνή.	4131053	Han har djup röst.
4123998	Αυτός έχει βαθιά φωνή.	4131056	Han har en djup röst.
4123988	Τι δουλειά κάνει ο πατέρας σου;	4131061	Vad jobbar din pappa med?
4123956	Ο χειμώνας είναι η αγαπημένη μου εποχή.	4131063	Vintern är min favoritårstid.
1341021	Μερικοί δε μαθαίνουν ποτέ.	4131071	Vissa lär sig aldrig.
1341012	Σε λίγο θα 'μαστε εκεί.	4131076	Vi är strax där.
1340988	Όλα ή τίποτα.	4131078	Allt eller inget.
1340985	Όποιος ανοίγει το λάκκο του αλλουνού, πέφτει ο ίδιος μέσα.	4131082	Den som gräver en grop åt andra faller ofta själv däri.
7188977	Μιλάς Πορτογαλικά?	7188978	Talar du portugisiska?
