1089511	Seuraa minua.	1089518	Kövess engem.
1261763	Mitä poika sanoi?	1261770	Mit mondott a fiú?
1049041	Hän on todella ystävällinen.	1598076	Maga a kedvesség volt.
824404	Älä kerro tätä kenellekään.	2114004	Senkinek se beszélj erről.
2154545	Hän käyttää botoxia.	2518633	Botoxot használ.
2684434	Onko hän ystäväni?	2686483	Ő a barátom?
2446723	Lupaan pysyä luonasi kunnes isäsi saapuu.	2718914	Megígérem, hogy apád megérkezéséig veled maradok.
2733481	Hän on majava.	2733484	Ő egy hód.
2733482	En tiennytkään, että olet ammatiltasi kirurgi.	2734049	Nem tudtam, hogy sebész vagy.
1984339	Mitä tarkoittaa SFX?	2746331	Mit jelent az SFX rövidítés?
2757289	Hänellä oli vähän hampaita.	2757400	Kevés foga volt.
2826412	Hän menee bussilla kouluun.	2844584	Busszal megy iskolába.
936867	Miksi ostit noin kalliin sanakirjan?	2877564	Miért egy olyan drága szótárat vettél?
752735	Hyvästi!	2878172	Isten veled.
752735	Hyvästi!	2878176	No, szia.
1185245	Mustat kissat tuovat epäonnea.	2878609	Fekete macska szerencsétlenséget hoz.
2122066	Hän ei osallistunut keskusteluun.	2890866	Nem vett részt a vitában.
1178630	Tänään on hieman koleaa.	2893174	Ma egy kicsit hideg van.
2838595	Postitoimisto on juuri vastapäätä pankkia.	2928757	A postahivatal mindjárt a bankkal szemben van.
2599921	Tom nauroi kaikille Maryn jutuille.	2948902	Tom nevetett Mari minden tréfáján.
2896869	On varmaa, että kullan hinta nousee.	3039038	Az arany ára biztosan emelkedni fog.
2762817	Se kuulostaa hyvältä idealta.	3066076	Ez jó ötletnek hangzik.
757889	Eilen illalla kirjoitin kirjeen.	3099423	Tegnap este levelet írtam.
1159295	Olisi hyvä jos maksaisitte käteisellä.	3110250	Kérem, legyen olyan jó készpénzben fizetni.
1631032	Pöydällä oli kasettinauhuri.	3111925	Az asztalon egy magnó volt.
3114854	Kuinka monta leikkausta tohtori Jackson on tehnyt tässä kuussa?	3115041	Hány operációt végzett dr. Jackson ebben a hónapban?
3114911	Paljonko sinulle maksettiin vanhasta autostasi?	3115237	Mennyit fizettek neked az öreg autódért?
3114915	Paljonko rahaa kulutit autoosi?	3115249	Mennyi pénzt adtál az autódért?
3114920	Kuinka paljon tyttäreni pitäisi syödä?	3115267	Milyen sokat kell a lányomnak enni?
3116008	Vuonna 1962 Algeria saavutti itsenäisyyden Ranskasta.	3116091	1962-ben Algéria megszerezte függetlenségét Franciaországtól.
3116247	Marika on suomalainen, mutta hän puhuu saksaa aivan kuten saksalaiset.	3116274	Marika finn, mégis úgy beszél németül, mint a németek.
3116069	Miksi et mennyt Saksaan?	3116324	Miért nem mentél Németországba?
1033250	Lähellä on sairaala.	3117276	A közelben van egy kórház.
425832	Herra Crouch, mitä sinä teet?	3123455	Crouch úr, mit csinál ön?
669306	Hyvää yötä ja kauniita unia.	3126933	Jó éjszakát és szép álmokat!
1009955	Oletko kotoisin Itävallasta vai Australiasta?	3127032	Ausztriából vagy Ausztráliából vagy?
1347641	Hänellä oli kolme poikaa joista tuli asianajajia.	3130397	Neki három fia volt, ügyvédek lettek.
2601821	Opettaja kertoi meille hauskan tarinan.	3164298	A tanító elmondott nekünk egy vidám történetet.
2780301	Luuletko sinä, että kalat voivat kuulla?	3167474	Elhiszed, hogy a halak hallanak?
3192597	Minulla on yksi kissa ja yksi koira. Kissa on musta ja koira on valkoinen.	3192620	Van egy macskám és egy kutyám. A macska fekete, a kutya fehér.
3194936	Onko hänellä sinun numerosi?	3195168	Megvan neki a számod?
2710471	Ei minun tarvinnut auttaa sinua mutta tein sen silti.	3196307	Nem kellett volna segítenem neked, mégis megtettem.
2896859	Istun mieluummin kirjastossa lukemassa kuin menen kotiin.	3198473	Szívesebben ülnék olvasgatva a könyvtárban, mint hazamennék.
3116253	Missä Marika asuu nyt?	3207033	Hol lakik most Marika?
2696533	Anteeksi, kuinka paljon kello on?	3207050	Bocsánat, hány óra van?
3215522	Minulla on paljon kukkia	3215608	Nekem sok virágom van.
3215795	Mette on Jörgenin vaimo.	3215848	Mette Jörgen felesége.
3115643	Se ei ollut kovin hyvä.	3235756	Nem volt különösebben jó.
1031669	Muiriel on nyt kaksikymmentä.	3246534	Muiriel most húsz.
2766267	Muiriel on nyt 20.	3246537	Muiriel most 20.
1031671	Muiriel on nyt kaksikymmentävuotias.	3246538	Muiriel most húsz éves.
355113	Minä soitan viulua.	3250453	Én játszom hegedűn.
2663998	Kaikki puhuvat jotakin kieltä.	3250789	Mindenki beszél valamilyen nyelvet.
3248058	Haluan ostaa banaaneja.	3254341	Banánt szeretnék vásárolni.
3170228	Voisitko antaa minulle muutamia lisäesimerkkejä siitä?	3257316	Tessék adni több példát erre.
2840776	Hän pitää hienoa hattua.	3265180	Szép kalapja van.
2840776	Hän pitää hienoa hattua.	3265181	Szép kalapot visel.
1865863	Haluan sanoa näkemiin.	3274843	Szeretnék elbúcsúzni.
822384	Olen lihonut.	3275778	Híztam.
3213008	Annan sinulle vielä viimeisen mahdollisuuden.	3276803	Adok neked egy utolsó esélyt.
2135499	Olen varma, että hän tulee.	3286558	Biztos vagyok, hogy jön.
836500	Kiotossa vierailee paljon ihmisiä joka vuosi.	3289336	Kiotóba minden évben sokan ellátogatnak.
3217686	He lähtivät eilen illalla.	3294019	Elutaztak tegnap este.
3232606	Olen uintikerhon jäsen.	3299032	Tag vagyok az úszóegyesületben.
2756244	Tarvitsemmeko universaalin kielen?	3306804	Szükség van egy általános nyelvre.
3228432	Kuka haluaa lisää kahvia?	3309893	Ki szeretne még kávét?
668637	Minulla on uusi pyörä.	3318413	Van új kerékpárom.
2665918	Tomilla on kaksi ranskan sanakirjaa.	3321954	Tomnak van két francia szótára.
3205510	Mitä kello on nyt?	3322605	Hány óra van most?
3255273	Missä sinä olit vuonna 1979?	3331318	Hol voltál 1979-ben?
841139	Tässä ja nyt.	3338813	Itt és most.
3335103	Se ei ole hyvä merkki.	3341318	Ez nem jó jel.
2825746	Tom ei ole täällä nyt, mutta Mary on.	3354605	Tom most nincs itt, csak Mary.
2825746	Tom ei ole täällä nyt, mutta Mary on.	3354609	Tom nincs itt most, de Mary van.
3361491	Puhelin soi!	3361503	Cseng a telefon!
3078929	Hänelläkö ei ole lapsia?	3363525	Neki nincsenek gyerekei?
3365546	Menemme kirkkoon tänään illalla.	3365585	Megyünk templomba ma este.
3369006	Paljonko tämä kirja maksaa?	3369009	Mennyibe kerül ez a könyv?
354465	Haluaisin tulla Picassoksi.	3369104	Picasso szeretnék lenni.
440808	Mitä haluaisit illalliseksi?	3369109	Mit szeretnél vacsorázni?
3373845	Hän on hyvä päästään.	3373887	Ő jófejű.
3377224	En ole poliitikko.	3377230	Nem vagyok politikus.
3382221	Tom on hyvä ystäväni.	3399223	Tom egy jó barátom.
2662214	Tänään on kuuma sää.	3406885	Ma meleg van.
605157	Hyvää iltaa, mitä kuuluu?	3409750	Jó estét! Mi újság?
3090506	Tämä ei ole kala.	3409900	Ez nem egy hal.
3412854	Tuossa kadunkulmassa on puhelinautomaatti.	3412856	Ott a sarkon van egy nyilvános telefon.
2304245	Haluaisin Bloody Maryn.	3415784	Bloody Maryt szeretnék.
3404948	Terve. Täällä on Joe Carlton. Saanko puhua Michaelille?	3427206	Üdvözlöm! Itt Joe Carlton beszél. Beszélhetnék Michaellel?
3208644	Tom ei ymmärrä mitä sinä sanoit.	3445515	Tom nem érti azt, amit mondtál.
2812828	Tässä on kirje sinulle.	3446197	Itt van neked egy levél.
3072823	Ne ovat sinun, Tom.	3446213	A tiéd, Tom.
3112519	Oliko sinulla hyvä kesä?	3447884	Jó nyarad volt?
3448544	Francisko, onko tämä sinun?	3448545	Francisko, ez a tied?
2668977	Onko tuo minun hattuni?	3483459	Ez az én kalapom?
3311494	Tykkään autostasi.	3484507	Tetszik a kocsid.
3311494	Tykkään autostasi.	3484508	Szeretem az autódat.
3216673	Minulla ei ole rahaa tänään.	3489890	Nincs pénzem ma.
1014513	Minulla ei ole kotona televisiota.	3490697	Otthon nincs televízióm.
2880975	Tiedätkö missä Jim ja Nancy ovat?	3513096	Tudod, hol van Jim és Nancy?
3408470	Tulen kotiin puoli seitsemän.	3519331	Fél hétkor jövök haza.
832436	Helsinki on Suomen pääkaupunki.	3521690	Helsinki Finnország fővárosa.
3521699	Missä Mary ja Tom asuvat?	3521705	Hol lakik Mary és Tom?
3571370	Omenat ovat punaisia.	3574543	Az almák pirosak.
3571368	He pitävät omenoista.	3574546	Nekik tetszenek az almák.
3569446	Tom soitti pianoa.	3574558	Tom zongorázott.
3569432	Tom viipaloi sipulin.	3574561	Tom vágta a hagymát.
3569368	Mitä sänkyä haluat käyttää?	3574568	Milyen ágyat akarsz használni?
3569289	Haluan olla itsenäisempi.	3574571	Függetlenebb szeretnék lenni.
3568794	Paitasi on nurinpäin.	3574577	Kifordítva van az inged.
3563756	Sukunimeni on Jones.	3574578	A családnevem Jones.
3553430	Laukkusi on auki.	3574591	Nyitva van a táskád.
3553414	Saanko oluen?	3574601	Egy sört, legyen szíves.
3553404	En ole pessimistinen.	3574602	Nem vagyok pesszimista.
3545765	Mitä kieltä puhutaan Ranskassa?	3574604	Milyen nyelvet beszélnek Franciaországban?
3542265	Tuolla koiralla on lyhyt häntä.	3574606	Annak a kutyának rövid a farka.
3530901	Minä haluan pizzaa!	3574612	Szeretnék egy pizzát!
3525709	Se on suuri päätös.	3574618	Ez egy nagy döntés.
3525675	Tom oli hyvin itsevarma.	3574626	Tom nagyon magabiztos volt.
3525671	Benjamin ampui kiväärillä karhun.	3574628	Benjamin egy medvét egy puskával lőtte le.
3525265	En ole ruma.	3574631	Nem vagyok csúnya.
3525256	En ole köyhä.	3574632	Nem vagyok szegény.
3523981	Vihaan tätä peliä.	3574637	Utálom ezt a játékot.
3521720	Minä en ole kotona.	3574645	Nem vagyok otthon.
3521684	Minä haluan asua kaupungissa.	3574647	Szeretnék városban lakni.
3521656	Tämä on lentokone.	3574648	Ez egy repülőgép.
3516650	Pidän Tomin sinisestä ananaksesta.	3574651	Nekem tetszik Tom kék ananásza.
3325103	Kaikki menee todella hyvin.	3587367	Minden nagyon jól megy.
3493270	Missä minä olen?	3603241	Hol vagyok?
3374384	Olen Tom.	3603261	Tom vagyok.
3621905	Tom puhuu usein puhelimessa.	3621911	Tom gyakran beszél telefonon.
3627125	Onko sinulla pikkurahaa?	3627132	Van aprópénzed?
3285785	Taksi odottaa.	3644281	Vár a taxi.
3357407	Luuletko, että pilailen?	3644288	Azt hiszed, viccelek?
3357407	Luuletko, että pilailen?	3644291	Azt gondolod, hogy viccelek?
3193419	Tom hukkui mereen.	3644303	Tom belefulladt a tengerbe.
3193419	Tom hukkui mereen.	3644306	Tom megfulladt az óceánban.
2621403	Ole kiltti äläkä puhu.	3644309	Ne beszélj légyszíves.
3242144	Hän on mustasukkainen ja järjetön.	3644317	Ő irigy és irracionális.
3079369	Olen eri mieltä kanssasi.	3644324	Nem értek egyet veled.
3200800	Hän sai ylennyksen kersantiksi.	3644328	Az őrmesteri rangig vitte.
3200800	Hän sai ylennyksen kersantiksi.	3644330	Elérte az ősmesteri rangot.
1224178	Koska en kuullut hänestä, kirjoitin hänelle uudelleen.	3644336	Mivel nem hallottam felőle, újra írtam neki.
2670981	Kenenköhän nämä sakset ovat?	3644338	Kié lehet ez az olló?
3395838	Tom kaatui ja löi kyynärpäänsä.	3644343	Tom elesett és beütötte a könyökét.
895378	Chris sai töitä talomaalarina ja pystyi hankkimaan rahat.	3644348	Christ felvették szobafestőnek, így össze tudta gyűjteni a pénzt.
3122849	Hän on tottunut nousemaan aikaisin.	3644350	Hozzá van szokva, hogy korán keljen.
3649699	Tom meni kouluun autolla.	3649705	Tom autóval ment iskolába.
3429568	Minulla on uusi punainen auto.	3656654	Van egy új piros autóm.
3206761	Viiden ja kolmen summa on kahdeksan.	3656877	Ötnek és négynek az összege kilenc.
1614117	Kenen tämä on?	3656932	Kié ez?
1614151	Kaikki pikkulapset tietävät sen kirjan.	3656943	Minden kisgyerek ismeri azt a könyvet.
1614390	Mistä ostit nuo kengät?	3656954	Hol vetted azt a cipőt?
1614397	Koiramme seuraa minua kaikkialle.	3656955	A kutyám mindenhová követ engem.
3420817	En tiedä, mitä Tomille tapahtui.	3658947	Nem tudom, hogy mi történt Tommal.
1014526	Olen suomalainen.	3676151	Finn vagyok.
2160099	Hänellä on kaksi autoa.	3683350	Két autója van.
3371681	En ole koskaan nähnyt tällaista ottelua.	3693924	Még sosem láttam ilyen mérkőzést.
773330	Haluatko syödä?	3694220	Ennél valamit?
773330	Haluatko syödä?	3694221	Nem ennél valamit?
773330	Haluatko syödä?	3694228	Szeretnél enni valamit?
773330	Haluatko syödä?	3694229	Nem szeretnél enni valamit?
3753766	Miesten WC on oikealla ja naisten WC on vasemmalla.	3753881	A férfi WC jobbra van, a női WC balra.
3764322	Missä paholainen asuu?	3764380	Hol lakik az ördög?
3794092	Minä en puhu melkein yhtään ranskaa.	3794099	Szinte semennyit sem beszélek franciául.
3794092	Minä en puhu melkein yhtään ranskaa.	3794101	Én nem beszélek szinte semennyit franciául.
3796366	Minä olen Noelia. Kuka sinä olet?	3796377	Noelia vagyok. És te ki vagy?
3796646	Tom puhuu ranskaa isovanhemmilleen.	3796651	Tom franciául beszél a nagyszüleivel.
3392775	Tänään on Tomin syntymäpäivä!	3838890	Ma van Tom születésnapja!
2739998	Minulla on ystävä.	3842469	Van egy barátom.
3394850	Minulla oli eilen syntymäpäivä.	3842929	Nekem volt tegnap a születésnapom.
2662076	Onko sinulla sanakirjaa?	3879060	Van szótárad?
2623676	Se on minulle mahdotonta.	3994788	Ez számomra lehetetlen.
1224248	Hänellä on kissa. Kissa on valkoinen.	4070399	Van egy macskája. A cica fehér.
4071885	Hänellä oli pitkät hiukset.	4072200	Neki hosszú haja volt.
4071885	Hänellä oli pitkät hiukset.	4072607	Hosszú haja volt.
2675268	Aurinko nousee idästä ja laskee länteen.	4075995	A nap keleten kel és nyugaton nyugszik.
3405907	En halua mennä naimisiin, mutta haluan lapsen.	4094590	Nem akarok megházasodni, de gyerekeket szeretnék.
3246914	Haluaisin kaupunkikartan.	4097022	Szeretnék egy várostérképet.
3108541	Miksi et syö omaa suklaatasi?	4155614	Miért nem eszed a csokoládédat?
4165825	Halusin auttaa sinua, mutta Tom kielsi minua.	4165854	Szeretnék segíteni neked, de Tom megtiltotta nekem.
3762237	Mitä hän sanoi Tomille?	4192760	Mit mondott Tomnak?
3389350	Tom puhuu paljon.	4195527	Tom sokat beszél.
2838378	Hän on menestyksekäs liikenainen.	4226665	Ő egy sikeres üzletasszony.
3212962	Minulla ei ole kissaa.	4248158	Nincs macskám.
2674138	Hän nousi ja lähti.	4248574	Felállt és elment.
2665947	Kuva on tässä kirjassa.	4253293	A kép ebben a könyvben van.
3609945	Hauska tutustua.	4266172	Örülök, hogy megismertelek.
3609945	Hauska tutustua.	4266178	Örvendek.
1634269	Olen autossa.	4266267	Autóban vagyok.
4286079	Mennään bussilla.	4286107	Menjünk busszal!
4286220	Kävisikö kuudelta?	4286223	Hatkor megfelel?
1048551	Hetkinen.	4336847	Pillanat!
3381067	Tom ei nuku.	4353887	Tom nem alszik.
1525619	Onko sinulla maitoa?	4410180	Van tejed?
4418641	Minä asun Bostonissa.	4418645	Bostonban élek.
4418641	Minä asun Bostonissa.	4418646	Bostonban lakom.
4099608	Tomi soitti pianoa, ja Mari lauloi.	4422079	Tom zongorázott, Mary énekelt.
4433121	Minulla on erilaiset prioriteetit kuin sinulla.	4433696	Én mást helyezek előtérbe, mint te.
3242009	Hänen sukkansa ovat violetit.	4443574	Lila zoknijai vannak.
4513260	Aviomieheni kastelee kukat.	4513283	A férjem virágokat locsol.
4513258	Tom on aviomieheni toinen nimi.	4513288	A férjem második neve Tom.
4512374	Hän on luotettava mies.	4513292	Ő egy megbízható ember.
4512372	Hän osaa lukea ja kirjoittaa.	4513294	Tud olvasni és írni.
4513295	Pystyykö kukaan ajamaan?	4513312	Tud valaki vezetni?
4513291	Mene itse katsomaan, mitä tapahtui.	4513317	Menj és nézd meg saját magad, hogy mi történt.
4512369	Miksi olet vielä ylhäällä?	4513321	Miért vagy még fent?
4512368	Miksi olet vielä hereillä?	4513323	Miért vagy még ébren?
4512367	Miksi olet vielä jalkeilla?	4513324	Miért vagy még talpon?
4512365	Oletko valmis lähtemään ulos?	4513426	Készen állsz az indulásra?
4512348	Mistä se on tehty?	4513429	Miből készült?
4512366	Eläminen on vaarallista.	4513431	Élni veszélyes.
4512359	Hän osaa uida selkää.	4513432	Tud háton úszni.
4512354	Sinun pitäisi lopettaa tupakointi.	4522055	Abba kellene hagynod a dohányzást.
4512351	Mistä voin soittaa?	4522057	Honnan tudok telefonálni?
4512349	Mistä tämä on tehty?	4522059	Ez miből készült?
4512192	Koputtaako joku ovella?	4522062	Kopogtat valaki?
4509699	Tämä romaani antaa hyvin kaunistelevan kuvan mustalaiskiertolaisista.	4522065	Ez a regény meglehetősen szép képet fest a vándorcigányokról.
4509642	Kunpa minulla olisi 80 jenin postimerkki.	4522067	Bárcsak lenne egy 80 jenes bélyegem.
4509542	Opiskelen venäjää radion kielikurssin avulla.	4522069	A rádió nyelvtanfolyamának segítségével tanulok oroszul.
3604249	Oletko kotona tänä iltana?	4730645	Otthon vagy ma este?
2662016	Hän potkii minua.	4764156	Rugdos engem.
3035088	Minne aiot mennä?	4803050	Hova fogsz menni?
3115633	Kuka sinä oikein olet?	4809702	Ki vagy te valójában?
2669904	Soititko minulle?	4884866	Telefonáltál nekem?
443146	Oletko uusi täällä?	4884936	Te új vagy itt?
3242600	Suomessa on huomenna äitienpäivä.	5051737	Holnap lesz Finnországban anyák napja.
1213565	Se elokuva oli tosi tylsä.	5053663	Ez a film annyira unalmas volt.
1590097	Hän oli erittäin suuttunut ja menetti itsehillintänsä.	5056197	Nagyon mérges volt, és elvesztette az önuralmát.
4798457	Tokio on Japanin kaupungeista isoin.	5081846	Tokió a japán városok közül a legnagyobb.
3413806	En tiedä tuleeko Yrjö vai ei.	5081851	Nem tudom, hogy jön-e György vagy sem.
3370007	Minä olen poliisi.	5210048	Én rendőr vagyok.
2809776	Oli hyvin kuumaa.	5246559	Nagyon meleg volt.
5250327	Sää on hyvä.	5250330	Az idő jó.
5250327	Sää on hyvä.	5250332	Az időjárás jó.
2675835	Terveisiä kaikille.	5277975	Üdvözlök mindenkit!
2675835	Terveisiä kaikille.	5277976	Üdvözlet mindenkinek!
3224622	Ymmärtävätkö kaikki?	5277980	Érti mindenki?
2838970	Tomilla ei ole tyttöystävää.	5278850	Tominak nincs barátnője.
5002557	Työntekijät ovat lakossa.	5359151	Sztrájkolnak a dolgozók.
2666707	Kaipaan kaikkia.	5375851	Mindenki hiányozni fog nekem.
3209219	Kaikki nauravat.	5378127	Kacag mindenki.
3209219	Kaikki nauravat.	5378129	Mindenki hahotázik.
3939416	Syö kaikki.	5378209	Egyél meg mindent!
3939416	Syö kaikki.	5378210	Edd meg mindet!
5402385	Ovatko he japanilaisia vai kiinalaisia?	5403770	Japánok ők vagy kínaiak?
425845	Tässä talossa asuin lapsena.	5429391	Ebben a házban laktam, amikor gyerek voltam.
3991576	Minun on se punainen.	5455903	A piros az enyém.
3939432	Sinä syöt.	5465437	Eszel.
3939433	Te syötte.	5465438	Esztek.
372483	Minun koirani on valkoinen.	5520731	Az én kutyám fehér.
5538000	Miksi olit aina yksin?	5538011	Miért voltál mindig egyedül?
5237759	Miksi emme käytä portaita?	5720452	Miért nem a lépcsőn megyünk?
5237759	Miksi emme käytä portaita?	5720454	Miért nem használjuk a lépcsőt?
5233745	Mä vietän liikaa aikaa Facebookissa.	5720477	Túl sok időt töltök el a Facebookkal.
5233745	Mä vietän liikaa aikaa Facebookissa.	5720478	Nagyon sok időt töltök a Facebookon.
1031789	Käytän tietokonetta.	5722838	Használom a számítógépet.
2763806	Käytä tätä!	5722870	Ezt használd!
3290806	Kova tuuli puhaltaa.	5738796	Erős szél fúj.
2748100	En ole kotona viikkoon.	5740399	Egy hétig nem leszek itthon.
2748100	En ole kotona viikkoon.	5740405	Nem leszek otthon egy héten át.
1051225	Ehkä hänestä ei tule koskaan kuuluisaa.	5783341	Lehet, hogy sosem lesz híres.
1051222	Hän piti huolta äidistään isänsä kuoleman jälkeen.	5783345	Ő gondoskodott az anyjáról az apja halála után.
1051221	Tämä on kalliimpi kuin tuo.	5783352	Ez drágább, mint az.
1051220	Jään pois seuraavalla pysäkillä.	5783359	Leszállok a következő megállónál.
1051218	Minä muistan tämän sanan.	5783363	Emlékszem erre a szóra.
1051216	Serkkuni on vähän vanhempi kuin minä.	5783371	Az unokatestvérem kicsit idősebb mint én.
1051214	Serkkuni on vähän minua vanhempi.	5783374	Az unokatestvérem kicsit idősebb nálam.
1031823	Uin joessa.	5789821	A folyóban úsztam.
3365902	Kuinka syvä?	5807913	Mennyire mély?
5879258	Rakastan tämän kaupungin ihmisiä.	5879274	Szeretem a város lakóit.
2768249	Minulla menee vain kaksi tai kolme tuntia.	6209917	Csak két vagy három órám van.
6856597	Tom oli ainoa, jolla ei ollut sateenvarjoa.	6858981	Egyedül Tom volt az, akinek nem volt esernyője.
6856597	Tom oli ainoa, jolla ei ollut sateenvarjoa.	6858982	Tom volt az egyetlen, akinek nem volt esernyője.
6856597	Tom oli ainoa, jolla ei ollut sateenvarjoa.	6858983	Csak Tomnál nem volt esernyő.
3227769	Osaatko puhua englantia?	7264717	Tudsz beszélni angolul?
3381333	Osaatteko te englantia?	7264723	Tudtok ti angolul?
3381333	Osaatteko te englantia?	7264724	Ti tudtok angolul?
2683914	Hän asuu Osakassa.	7664941	Oszakában lakik.
7828951	Lapsi nukkuu.	7828956	A gyerek alszik.
7828951	Lapsi nukkuu.	7828957	A gyermek alszik.
668639	Koko maailma tahtoo rauhaa.	7831412	Az egész világ békét akar.
7984281	En osaa unkaria.	7984295	Nem tudok magyarul.
8000517	Lause ei täsmennä paikkaa.	8000522	A mondat nem adja meg a helyet.
8000517	Lause ei täsmennä paikkaa.	8000533	A mondatban nincs megadva a hely.
8000615	Hyvä lukija!	8000649	Kedves olvasó!
4936423	Tomilla ei ole kovin hyvä itseluottamus.	8500661	Tom nem túl magabiztos.
8521570	Me puhuimme tästä eilen.	8521613	Beszéltünk erről tegnap.
8521570	Me puhuimme tästä eilen.	8521623	Mi beszéltünk erről tegnap.
9094262	Äitini tekee vieläkin töitä keittiössä.	9159726	Anyukám még mindig a konyhában dolgozik.
3224652	Hän on suomalainen.	9694740	Ő finn.
3224668	Minä en ole suomalainen.	9694742	Én nem vagyok finn.
3224676	Hän ei ole suomalainen.	9694743	Nem finn.
3224676	Hän ei ole suomalainen.	9694745	Ő nem finn.
8470411	Hetki pieni.	9694750	Egy pillanat az egész.
6973662	Pojilla on jano.	9701177	A fiúk szomjasak.
4950299	Heillä on nälkä.	9701189	Ők éhesek.
3374810	Äiti, minulla on nälkä.	9701193	Anya, éhes vagyok!
2818325	Missä bussi on?	9701202	Hol a busz?
4555343	Missä leipä on?	9701203	Hol a kenyér?
4849981	Missä maito on?	9701205	Hol a tej?
7244192	Missä kartta on?	9701207	Hol van a térkép?
7839184	Missä puu on?	9701208	Hol van a fa?
7894964	Missä WC on?	9701209	Merre van a WC?
3794578	Ranskalaiset lyötiin Waterloossa.	10123720	A franciákat Waterloonál győzték le.
2599820	Onko niitä?	10772530	Léteznek?
2633668	Tänä talvena on hyvin kylmää.	10772535	Ezen a télen nagyon hideg van.
2633668	Tänä talvena on hyvin kylmää.	10772536	Nagyon hideg van most ezen a télen.
6924856	Hän odotti kymmenen minuuttia.	10772540	Ő tíz percet várt.
6924856	Hän odotti kymmenen minuuttia.	10772541	Várt tíz percet.
9704334	Kissa leikkii koiran kanssa.	10772548	A macska a kutyával játszik.
1041269	Ostitko tämän kirjan?	10774979	Ezt a könyvet te vetted?
10195624	Olin väsynyt tänään.	10774980	Fáradt voltam ma.
10118888	Hän on aika hyvä tyyppi.	10774981	Egész jó fickó ő.
7858397	Istun autossani.	10774982	Az autómban ülök.
8201461	Voinko käyttää puhelintasi?	10774983	Használhatom a telefonod?
8056457	Onko se sinun polkupyöräsi?	10774989	Az a te kerékpárod?
10061737	Odota hetki, puhelin soi.	10774992	Várj egy pillanatot, csörög a telefonom.
7033794	Kuka on tuo nainen tuolla?	10774996	Ki az a hölgy ott?
10838341	Pieni koira eli yli 17-vuotiaaksi.	10838344	A kiskutya több mint 17 évet élt.
10838341	Pieni koira eli yli 17-vuotiaaksi.	10839065	A csöpp kutyus több mint 17 évet megélt.
10849904	Sinäkinkö rakastat minua?	10849908	Te is szeretsz engem?
2633610	Bostonissa on kivaa.	11074475	Boston szép hely.
11634489	Joulupukki on olemassa.	11634494	Télapó létezik.
7837742	Minun nimeni on Wang.	11641943	Nekem a nevem Wang.
3985839	Onko Tatoeba hyvä?	11782952	Jó a Tatoeba?
3985840	Mikä on Tatoeba?	11782953	Mi a Tatoeba?
1125139	Minä olen.	11889733	Létezem.
10709281	Olen sinä.	11889749	Én te vagyok.
11994940	Haluan lukea kirjaa "Aculpa é das Estrelas".	11994953	Szeretném elolvasni az Aculpa é das Estrelas című könyvet.
7903424	Kaunis!	12002317	Gyönyörű!
3224650	Olet suomalainen.	12002322	Finn vagy.
3224648	Sinä olet suomalainen.	12002323	Te finn vagy.
6900925	Olet nainen.	12002327	Nő vagy.
1974114	Olet ihminen.	12002329	Emberből vagy.
7834108	Minä olen ihminen.	12002331	Én ember vagyok.
7834108	Minä olen ihminen.	12002332	Én férfi vagyok.
354157	Sinä olet ihminen.	12002333	Te férfi vagy.
1974114	Olet ihminen.	12002334	Férfi vagy.
1974114	Olet ihminen.	12002335	Ember vagy.
8187040	Ihminen on kaunis.	12002336	Fess a férfi.
7876184	Hän on rehellinen.	12002339	Ő őszinte.
7876184	Hän on rehellinen.	12002340	Őszinte.
3205856	Hän on rehellinen mies.	12002341	Ő egy becsületes férfi.
3205857	Hän on rehellinen tyttö.	12002342	Ő egy becsületes lány.
2675110	Hän on hiljainen.	12002344	Ő csöndes.
9480870	Poika oli hiljainen.	12002346	Csöndben volt a fiú.
9480870	Poika oli hiljainen.	12002347	A fiú csöndben volt.
9480870	Poika oli hiljainen.	12002348	A fiú csendben volt.
9480870	Poika oli hiljainen.	12002349	Csendben volt a fiú.
3232529	Olen ystävä.	12002350	Barát vagyok.
3232531	Olet ystävä.	12002351	Te barát vagy.
3261458	Se on söpö.	12002362	Aranyos.
6974776	Minulla on.	12002366	Van nekem.
6974776	Minulla on.	12002367	Nekem van.
3370057	Minä olen yksin.	12002384	Én egyedül vagyok.
7797060	Väärin!	12002391	Rossz!
7032861	Olen isä.	12002755	Apa vagyok.
6676994	Olen vanha.	12002983	Vén vagyok.
7837734	Olet vanha.	12002984	Vén vagy.
6900737	Olen vanha nainen.	12002988	Vénasszony vagyok.
7837732	Minä olen vanha.	12002989	Én öreg vagyok.
9021079	Se on vanha.	12002990	Régi.
4951905	Sänky on todella mukava.	12003081	Az ágy igen kényelmes.
8297907	Se on lämmin.	12003090	Ez meleg.
8297909	Tuo on lämmin.	12003091	Az meleg.
8723640	Tee on lämmin.	12003092	Meleg a tea.
7797072	Au!	12003954	Áu!
7797072	Au!	12003955	Au!
7797072	Au!	12003956	Aú!
7836645	Valmis?	12003971	Kész?
797121	Olen valmis.	12003972	Készen vagyok.
2914302	Olenko valmis?	12003973	Hogy készen állok?
2126681	Auto on valmis.	12003975	Kész az autó.
9827353	Onko kuuma?	12003983	Ez meleg?
2747046	Hän on tärkeä mies.	12004507	Ő egy fontos ember.
1152695	Minä olin opettaja.	12004508	Én tanár voltam.
1609407	"Oletteko opettaja?" "Olen!"	12004509	- Tanár vagy? - Igen, az.
1609407	"Oletteko opettaja?" "Olen!"	12004510	- Tanár vagy? - Igen, az vagyok.
4638421	Englanti on kieli.	12005324	Angol az egy nyelv.
3355015	Koira on punainen.	12005681	Piros a kutya.
7837719	Talo on punainen.	12005683	Piros a ház.
7837719	Talo on punainen.	12005684	Vörös a ház.
3076917	Tuo on kala.	12005686	Az egy hal.
7763193	Tässä?	12005706	Itt?
3214317	Tämä on omena.	12005712	Ez egy alma.
3640061	Onko omena punainen?	12005714	Piros az alma?
3302591	Auto on keltainen.	12005724	Sárga az autó.
3302591	Auto on keltainen.	12005726	A kocsi sárga.
3302591	Auto on keltainen.	12005728	Sárga a kocsi.
12006365	Onko tuo pitkä mies tämän pojan isä?	12007034	Az a magas férfi ennek a fiúnak az apja?
8751768	Rakennus on sininen.	12007248	Az épület kék.
6094606	Outo kysymys.	12007253	Fura egy kérdés.
3419549	Mikä pari!	12007259	Micsoda pár!
8985673	Mikä pöytä?	12007260	Melyik asztal?
6565684	Tuo on kirkko.	12007274	Az templom.
6565684	Tuo on kirkko.	12007275	Az ott templom.
6565684	Tuo on kirkko.	12007276	Az egy templom.
419590	Televisio on auki.	12007280	A televízió be van kapcsolva.
7763194	Täällä?	12007283	Itten?
1844868	Ei täällä.	12007284	Nem itt.
8678059	Ei täällä!	12007287	Nem itt!
8747471	Olen täällä.	12007289	Itt vagyok!
3216814	Minä menen.	12007331	Én megyek is.
5594633	Menen Saksaan.	12007332	Németországba megyek.
5594633	Menen Saksaan.	12007333	Megyek Németországba.
10353561	Menen tänään.	12007336	Ma megyek.
4758712	Taloni on kaukana.	12007347	Messze van az én házam.
4758712	Taloni on kaukana.	12007348	Az én házam messze van.
8013866	Onko tuo kaukana?	12007349	Messze van az?
8013866	Onko tuo kaukana?	12007350	Az messze van?
831871	Tuo on taloni.	12007351	Az az én házam.
831871	Tuo on taloni.	12007352	Az a házam.
2668784	Kiitos taas.	12007562	Ismét köszönettel tartozom.
2668784	Kiitos taas.	12007565	Ismételten köszönettel tartozom.
7951494	Hei taas.	12007568	Üdv ismét!
9136098	Sama täällä.	12007573	Itt ugyanez van.
7772442	On liian kuuma.	12007580	Túl meleg.
11619711	Heillä on oranssi kissa.	12007696	Van egy narancssárga macskájuk.
3374441	Se on makea.	12007697	Édes.
4215484	Se omena on makea.	12007698	Édes ez az alma.
1844839	Onko maitoa?	12007711	Van valamennyi tej?
3419209	Maitoa, kiitos.	12007713	Kérek egy kevés tejet.
3419209	Maitoa, kiitos.	12007715	Kérek tejet.
5729209	Kalaa, kiitos.	12007722	Kérek egy kis halat.
11955835	Onko ketsuppia?	12007728	Van valamennyi ketchup?
11955835	Onko ketsuppia?	12007729	Van ketchup?
8734461	Minulla oli limonadia.	12007733	Volt valamennyi limonádém.
8734461	Minulla oli limonadia.	12007734	Volt limonádém.
8734461	Minulla oli limonadia.	12007735	Volt üdítőm.
8734461	Minulla oli limonadia.	12007736	Volt valamennyi üdítőm.
9805980	Olitko kotona?	12007750	Otthon voltál?
2090835	Oletko vielä kotona?	12007752	Még odahaza vagy?
5729129	Lihaa, kiitos.	12007762	Kérek egy kis húst.
7844791	Todella outoa.	12007811	Igen furcsa.
2467388	Se on outoa.	12007818	Fura.
2467388	Se on outoa.	12007819	Furcsa egy valami.
2467388	Se on outoa.	12007820	Fura egy valami.
1979390	Kanaa, kiitos.	12007873	Kérek egy kis csirkét.
3790313	Puhuvatko he ranskaa?	12010049	Beszélik ők valamennyire a franciát?
7844381	Puhutko?	12010052	Beszélsz?
7844377	Puhutko sinä?	12010053	Beszélsz te?
7844377	Puhutko sinä?	12010055	Te beszélsz?
3217989	Sinä olet insinööri.	12010056	Te vagy a mérnök.
9701232	Hän on ahkera.	12010065	Ő szorgalmas.
9701232	Hän on ahkera.	12010067	Szorgalmas.
10291068	Hän on ahkera ihminen.	12010068	Ő szorgalmas ember.
10291068	Hän on ahkera ihminen.	12010071	Szorgalmas ember ő.
7208419	Olet professori.	12010094	Professzor vagy.
8313766	Oletko professori?	12010095	Professzor vagy?
1106142	Puhut sujuvaa englantia.	12010169	Folyékonyan beszéled az angolt.
3261006	Hän puhuu sujuvaa englantia.	12010171	Folyékonyan beszéli az angolt.
3422897	Hän on todella älykäs.	12010202	Ő nagyon intelligens.
8705359	Puhutko japania?	12010205	Beszélsz valamennyit japánul?
8705361	Puhutko sinä japania?	12010208	Beszélsz te japánul?
9084570	Puhutko sujuvaa japania?	12010210	Folyékonyan beszéled a japánt?
8254030	Minä puhun unkaria.	12010219	Én beszélek magyarul.
3370229	Valmista tuli!	12156766	Minden kész!
6970672	Kuinkakohan kauan Tomi on istunut tuolla.	12474743	Vajon mióta ül ott Tom?
10939741	Ne asuu Ukrainas.	12591480	Ukrajnában élnek.
12642210	Iänsä vuoksi hänen muistinsa heikkeni.	12642215	Kora miatt memóriája romlott.
6034665	Haluatko katsoa elokuvan?	12818693	Szeretnél filmet nézni?
