402358	Muisteletko usein lapsuuttasi?	402359	Ты часто вспоминаешь своё детство?
402363	Aleksandr ei ole nuorempi kuin Vladimir.	402364	Александр не моложе, чем Владимир.
402366	Onko veljesi nimi Aleksei?	402367	Твоего брата зовут Алексей?
443138	Nyt lopetat!	502903	Прекрати сейчас же!
443136	Tämä kirje on osoitettu sinulle.	502913	Это письмо адресовано тебе.
443109	Millä junalla menet?	502920	Каким поездом приедешь?
440813	En tiedä hänestä mitään.	502925	Я ничего о ней не знаю.
440808	Mitä haluaisit illalliseksi?	502929	Что бы ты хотел на ужин?
356253	Hän hauskuutti lapsia laulamalla.	797197	Он развлёк детей пением.
440790	Mielipiteeni siitä elokuvaohjaajasta on korkea.	797205	Я высокого мнения об этом кинорежиссёре.
355598	En halua mennä ulos ilman takkia näin kylmänä päivänä.	798284	Не хочу выходить на улицу без куртки в такой холодный день.
335650	Tuo mekko sopii sinulle erittäin hyvin.	798286	То платье тебе очень идет.
426096	Minusta tuntuu, että hän tulee tänään.	798289	Мне кажется, он придёт сегодня.
354307	"Ajattelen vain toivettani," vastasi pieni musta jänis.	798293	«Я просто думаю о своём желании», — ответил маленький чёрный кролик.
704654	Minä työskentelen kolme tuntia joka sunnuntaiaamu.	798295	Я работаю по 3 часа каждое воскресное утро.
440793	Jos olet lukenut kirjan loppuun, palauta se kirjastoon.	798385	Если дочитал книгу до конца, верни ее в библиотеку.
409613	Olen nälkäinen, koska en ole syönyt lounasta.	803791	Я голоден, потому что не обедал.
753041	Olemme menossa elokuviin. Tule meidän kanssa yhdessä.	803807	Мы идём в кино. Пойдем с нами.
354125	Tapaammeko huomenna?	803814	Встретимся завтра?
354126	Minulla on paha olo.	803816	Я плохо себя чувствую.
775557	He kiipesivät alas puusta.	803819	Они слезли с дерева.
775578	Varo! Seinillä on korvat.	803841	Осторожно! И у стен есть уши.
776096	Hänellä ei ole tyttöystävää.	803843	У него нет подружки.
776178	Hän on Suomen pääministeri.	803845	Он премьер-министр Финляндии.
777669	Yritän nousta kuudelta.	803848	Постараюсь встать в шесть.
356383	Sinun pitäisi käydä silmälääkärissä.	803872	Тебе нужно сходить к окулисту.
356384	Tämä on kirjaston kirja.	803878	Это библиотечная книга.
356385	Mitä haluat syödä lounaaksi?	803880	Что ты хочешь на обед?
357088	Jos hän tulee myöhässä, antaisitko tämän viestin hänelle.	803885	Если он придёт поздно, передайте, пожалуйста, ему это сообщение.
785132	Tom on asunut Chicagossa jo vuoden.	803892	Том уже год живёт в Чикаго.
785985	Hänen vaimonsa synnytti kaksospojat.	803894	У его жены родились мальчики-близнецы.
757871	Saisinko lasin maitoa?	803899	Можно стакан молока?
757879	Älä avaa ovea ennen kuin juna on pysähtynyt.	803900	Не открывайте двери, пока поезд не остановится.
440798	Kuuntele mitä hän sanoo.	805827	Слушай, что он говорит.
440802	Opiskeletko?	805829	Учишься?
722579	Hän lopetti tupakoimisen lääkärinsä neuvosta.	805833	Он бросил курить по совету врача.
722605	Nähdään!	805836	Увидимся!
797121	Olen valmis.	805839	Я готов.
797121	Olen valmis.	805842	Я готова.
752899	En tiedä kuinka paljon tämä moottoripyörä maksaa.	805920	Не знаю, сколько стоит этот мотоцикл.
752963	Meidän yrityksemme pääkonttori on Tokiossa.	805921	Головной офис нашей компании находится в Токио.
752966	Huomenna näytän sinulle kirjastoa.	805923	Завтра я покажу тебе библиотеку.
388191	Opin häneltä paljon.	805951	Я многому у него научился.
388201	Sinä tiedät missä ongelma on.	805953	Ты знаешь, в чём проблема.
409662	Minä olen paras.	805968	Я — самый лучший.
419588	Onko yliopiston kirjasto nyt auki?	805969	Университетская библиотека сейчас открыта?
354746	Kotona oleminen ei ole hauskaa.	806005	Дома сидеть не весело.
354749	Älä itke.	806009	Не плачь.
354800	Hän oli matkalla kouluun.	806014	Он шёл в школу.
354846	Hyvää joulua.	806018	С Рождеством.
354852	Kaikki tekevät virheitä.	806019	Все ошибаются.
354295	Kenillä on kaksi kissaa.	806120	У Кена две кошки.
354165	Rahani ovat lopussa.	817477	У меня кончаются деньги.
354167	Kissa nukkuu sohvalla.	817480	Кошка спит на диване.
354174	He nousivat lentokoneeseen.	817483	Они поднялись на борт самолёта.
354188	Hän meni töihin, vaikka hänellä oli flunssa.	817486	Он пошёл на работу, хотя был простужен.
354205	Saisinko puhelinnumerosi?	817490	Можно мне ваш номер телефона?
354214	Hän kirjoittaa kauniita runoja.	817493	Он пишет красивые стихи.
354221	Missä voisimme soittaa?	817500	Где можно позвонить?
354224	Keitän sinulle teetä.	817501	Я заварю тебе чаю.
354227	Tämä on sinulle.	817502	Это тебе.
354229	Ehkä hän ei muista syntymäpäivääni.	817503	Пожалуй, он не помнит мой день рождения.
354230	Mitä tekisit, jos tapaisit miehen toiselta planeetalta?	817504	Что бы ты сделал, если бы встретил человека с другой планеты?
354241	Ostin kameran kolmellakymmenellä dollarilla.	817506	Я купил фотоаппарат за тридцать долларов.
354247	Farkut on loppuunmyyty.	817508	Джинсы распроданы.
354251	Hän eli onnellisen elämän.	817510	Она прожила счастливую жизнь.
443107	Keskustellaan aurinkoenergiasta.	853289	Давайте поговорим о солнечной энергии.
866681	Saatte kirjoittaa millä kielellä tahansa. Tatoebassa kaikki kielet ovat tasaveroisia.	866702	Вы можете писать на любом языке. На проекте "Tatoeba" все языки равны.
752934	Hän suositteli, että menisin sinne.	866711	Он посоветовал мне сходить туда.
805958	Ehkä se on totta.	866725	Наверное, это правда.
354189	Hän satutti kätensä kaatuessaan.	866748	При падении он ушиб руку.
354836	Hän on vahva kuin härkä.	866758	Он здоров как бык!
354146	Turpa kiinni ja kuuntele penikka.	866763	Заткнись и слушай, щенок!
797123	Voit ottaa yhteyttä minuun huomenna.	866766	Ты можешь связаться со мной завтра.
849507	Tyttö joka soittaa pianoa on Akiko.	866771	Девочку, которая играет на пианино, зовут Акико.
836511	Nyt tai ei koskaan.	866780	Сейчас или никогда!
836501	Oletko ennen nähnyt näin hyvää elokuvaa?	866790	Ты уже видел раньше такой хороший фильм?
443110	Hän oli onnekas läpäistessään kokeen.	866795	Он успешно сдал экзамен.
866844	Kuka on Alvar Aalto?	866846	Кто такой Алвар Аалто?
776093	Tietenkin autan sinua.	866860	Конечно, я помогу тебе.
757936	Olisinpa nuorempi.	866864	Был бы я моложе...
355608	En voinut syödä appelsiinia, koska se maistui erittäin happamalta.	866869	Я не могу есть апельсин, потому что он очень кислый.
779919	Hän ei tunne ketään meistä.	866879	Он никого из нас не знает.
669266	Vedä viiva A:sta B:hen.	885290	Проведи линию от А к B.
425850	Tänään on vähän kylmä.	885292	Сегодня прохладно.
833695	Työtoverini on susi lammasten vaatteissa.	885296	Мой коллега — волк в овечьей шкуре.
833719	Apua!	885302	Помогите!
516185	Eli meillä on ongelma....	888665	То есть, у нас проблема...
516187	Mutta exäsihän on psykopaatti!	888667	Но твой бывший — психопат!
516190	Olisi mahtavaa, jos olisi polkupyörä jolla kierrellä kaupunkia!	888674	Было бы замечательно, если бы был велосипед для тура по городу!
516199	Miksi on olemassa Miss Italia eikä Mister Italia?	888678	Почему есть Мисс Италия, но нет Мистера Италия?
516200	Jos minulla olisi sanat tähän lauluun, voisin kääntää sen.	888681	Если бы у меня были слова этой песни, я бы мог ее перевести.
516201	Haluaisin käännöksen tähän lauluun.	888685	Я бы хотела перевод этой песни.
516211	Minulla on ystävä, joka asuu Berliinissä ja työskentelee kaksikielisessä päiväkodissa.	888689	У меня есть друг, который живет в Берлине и работает в двуязычном детском саду.
516214	Hän kertoi minulle, ettei tapaile ketään tällä hetkellä, mutta en usko sitä.	888693	Он сказал мне, что в данный момент ни с кем не встречается, но я этому не верю.
516217	Virhe korjattiin.	888696	Ошибка исправлена.
516219	Lehdet tippuvat syksyllä.	888698	Листья опадают осенью.
516221	Pidän kiinalaisesta ruuasta, erityisesti raviolista ja riisistä.	888703	Мне нравится китайская кухня, особенно пельмени и рис.
516224	En ole koskaan syönyt kiinalaista ruokaa.	888706	Я никогда не пробовала китайскую еду.
516226	Serkkuni on jo neljävuotias.	888711	Моему двоюродному брату четыре года.
516227	Tänään hain neljävuotiaan serkkuni päiväkodista.	888719	Сегодня я забрала своего четырехлетнего двоюродного брата из детского сада.
516229	Minulla ei ole aikaa sinulle.	888722	У меня нет на тебя времени.
516232	Pariisissa söin korealaista ruokaa latinalaisessa korttelissa.	888724	В Париже я ела корейскую еду в латинском квартале.
516233	Tänä iltana menemme syömään tiibetiläistä ruokaa.	888727	Сегодня вечером мы идем есть тибетскую еду.
516235	Eikö sinulla ole nälkä?	888732	Ты не голодный?
516237	Eikö sinua väsytä?	888735	Ты не устал?
516239	Olen pahoillani, mutta unohdin tehdä kotitehtävät.	888742	Извините, но я забыл сделать домашнее задание.
752909	Harvardin yliopisto perustettiin vuonna 1636.	888776	Гарвардский университет был основан в 1636 году.
354742	Älä laita kaikkia munia samaan koriin.	895321	Не клади все яйца в одну корзину.
335778	Minun kelloni mukaan kello on nyt neljä.	1034806	По моим часам, сейчас четыре.
335994	Sopiiko, että laitan television päälle?	1034809	Ничего, если я включу телевизор?
783065	Tervetuloa meidän taloon!	1034825	Добро пожаловать в наш дом!
783480	Kuka tietää?	1034826	Кто знает?
784704	Mitä naurat?	1034828	Чего смеёшься?
1012591	Entä sinä?	1038676	А ты?
1012594	Kuinka hän reagoi uutisiin?	1038679	Как она отреагировала на новость?
773330	Haluatko syödä?	1047307	Хотите есть?
773330	Haluatko syödä?	1047308	Хочешь есть?
457834	Oletko lääkäri?	1102319	Вы — доктор?
1153127	Muutin uuteen asuntoon.	1153132	Я переехал на новую квартиру.
1154018	En uskalla väittää hänelle vastaan.	1154021	Я не смею ему возражать.
1154025	Minä pelkään pimeää.	1154027	Я боюсь темноты.
916974	Unohdan aina ihmisten nimet.	1159249	Я всегда забываю имена людей.
443102	Menetin tilaisuuteni.	1159626	Я упустил случай.
1085325	Selitä se minulle.	1160724	Объясни мне это.
354226	Tulkoon mitä tahansa, minä olen valmis.	1160769	Будь что будет, я готов.
1186639	Hän asuu kerrostaloasunnossa.	1518826	Он живёт в квартире.
1290807	Tarvitsen lyijykynää. Voinko lainata yhtä sinun kynistäsi?	1528911	Мне нужен карандаш. Могу я воспользоваться одним из Ваших?
1077662	”Tom!” ”Mary!”	1575471	«Том!» - «Мэри!»
1022082	Tämä kaupunki on meille rakas.	1640884	Этот город нам дорог.
1022084	Pidätkö tästä kaupungista?	1640885	Тебе нравится этот город?
1186008	Nämä kaksi kuvaa ovat hienoja.	2076191	Вот два хороших фото.
1213624	Asema on lähellä hotellia.	2298666	Остановка - рядом с гостиницей.
2358094	Totta vai tarua?	2358096	Правда или ложь?
1017889	Anteeksi, mutta voisitko auttaa?	2723674	Извините, вы не могли бы мне помочь?
2335635	Hän ei ole vielä kotona.	2723703	Его еще нет дома.
1052428	Sinun on tullut aika ostaa uusi auto.	2723709	Тебе пришло время купить новую машину.
1052436	Anna hänen tulla sisään.	2723710	Дай ему зайти.
1052481	En ymmärrä mitä opettaja sanoi.	2723723	Я не понимаю, что сказал учитель.
1614440	Onko tämä kirja sinun?	2723731	Эта книга твоя?
1614541	Minusta Japanissa ruoka on kallista.	2723732	По-моему, еда в Японии дорогая.
1498617	Kävin talvella usein hiihtämässä.	2724241	Зимой я часто ездил кататься на лыжах.
1500020	Minulla on tänään syntymäpäivä.	2724245	У меня сегодня день рождения.
1500021	Tänään on syntymäpäiväni.	2724246	Сегодня — мой день рождения.
1507944	Saanko ottaa sinusta kuvan?	2724248	Можно вас сфотографировать?
1518284	Älä sano mitään kenellekään.	2724250	Никому ничего не говори.
1518574	Koko maa oli lumen vallassa.	2724252	Вся земля была покрыта снегом.
1518576	Mitä hän sanoo?	2724253	Что он говорит?
1518580	Poltatko?	2724254	Куришь?
813452	Joka päivä pyöräilen tai otan bussin töihin.	2730508	Каждый день я езжу на работу на велосипеде или на автобусе.
813456	Hänellä on valkoinen kissa.	2730509	У нее есть белая кошка.
813456	Hänellä on valkoinen kissa.	2730510	У нее белая кошка.
813467	Montako kerrosta hänen talossaan on?	2730513	Сколько этажей в его доме?
2155818	Hänellä on koira.	2734668	У нее есть собака.
2155826	Älä juokse luokassa.	2734676	Не бегай в классе.
2157262	Me emme voi antaa Tomin kuolla.	2734682	Мы не можем дать Тому умереть.
2223409	Jim on kanadalainen.	2734687	Джим — канадец.
2223419	Missä sinä teit sen?	2734704	Где ты это сделал?
1085340	Tämä ruoka on liian suolaista.	2736765	Эта еда слишком соленая.
2603053	Onko hotellissa kukkakauppa?	2736770	В гостинице есть цветочный магазин?
356053	Tässä on ravintola, jossa käyn usein syömässä.	2736782	Здесь ресторан, в который я часто хожу есть.
2161877	Pysäköinti kielletty!	2740587	Парковка запрещена!
2400369	Nyt minulla on kiire.	2743718	Я сейчас спешу.
1179023	Mitä hänen koiralleen on tapahtunut?	2749339	Что случилось с его собакой?
1179023	Mitä hänen koiralleen on tapahtunut?	2749340	Что произошло с ее собакой?
1179026	Voisitteko kertoa, mihin voin pysäköidä autoni?	2749344	Не подскажете, где я могу припарковать машину?
1261762	Mitä mies sanoi?	2750774	Что сказал мужчина?
2658361	Tomilla on kolme siskoa.	2803124	У Тома трое сестер.
2132752	Hän lukee kirjaa.	2803172	Она читает книгу.
426085	Hän lauloi laulun.	2809393	Он спел песню.
426085	Hän lauloi laulun.	2809394	Она спела песню.
1040266	Näillä levyillä on paljon kauniita lauluja.	2809396	На этом диске много красивых песен.
1040269	Hän kuoli luonnollisen kuoleman.	2809398	Он умер естественной смертью.
2832303	Jos tuo kitara ei olisi niin kallis, voisin ostaa sen.	2832307	Если бы та гитара не была такая дорогая, я бы мог её купить.
2502065	Puhunko liian nopeasti?	2834369	Я говорю слишком быстро?
2683278	Tom odottaa.	2835860	Том ждет.
2683304	Voisitko antaa meille neuvon?	2835861	Можешь дать нам совет?
1183373	Miksi et tullut juhliin?	2835862	Почему ты не пришел на вечеринку?
1186605	Onko hän jo lukenut kirjan?	2852046	Он уже прочитал книгу?
1186605	Onko hän jo lukenut kirjan?	2852048	Она уже прочитала книгу?
2752491	Onko se minulle?	2852052	Это мне?
2601873	Onko jotakin mitä haluat sanoa?	2852053	Вы хотите что-нибудь сказать?
1975465	Hän on bussinkuljettaja.	2852054	Он водитель автобуса.
1975465	Hän on bussinkuljettaja.	2852055	Она водитель автобуса.
354463	Hänen ainoa huolensa on hänen lapsiensa hyvinvointi.	2923548	Её заботит только безопасность собственных детей.
2602071	Tämä on kolmas kerta, kun olen kuullut tämän laulun tänään.	2950091	Я слышу эту песню уже третий раз за сегодня.
2661985	Minun koirani on pienempi kuin sinun.	2950096	Мой пес меньше твоего.
2810081	Tomin ei tarvinnut kuunnella Marya.	3862729	Тому было не обязательно слушать Мэри.
2124325	Hän osui asian ytimeen.	3930652	Он попал в точку.
2670842	Yritin vain suojella sinua.	4340213	Я просто пытался защитить тебя.
4340654	Tomi saattaa elää yhä.	4340656	Том всё ещё может быть жив.
4340712	Tom ei ollut varma mitä tehdä seuraavaksi.	4340716	Том не был уверен, что делать дальше.
4340714	Majakka on tuolla.	4340719	Там есть маяк.
4340717	Tomi tuli meille kylään.	4340720	Том пришёл в наш дом.
3994294	Soitan sinulle huomenna, kun tulen kotiin.	4362623	Я позвоню тебе завтра, когда приду домой.
3515429	Onko Tom yrittänyt tätä aikaisemmin?	4685466	Делал ли Том это раньше?
4903079	Eläköön lehdistönvapaus!	4903644	Да здравствует свобода печати!
4902566	Tomi nukkui tänään oppitunnilla taas.	4903648	Том сегодня снова спал на уроке.
4897137	Tomi on masentunut ja yksinäinen.	4903688	Том подавлен и одинок.
3782271	Terve, tyypit.	4910347	Привет, ребята.
4946566	Nainen synnytti presidentin helikopterissa.	4946567	Женщина родила президента в вертолёте.
4946566	Nainen synnytti presidentin helikopterissa.	4946569	Женщина родила в президентском вертолёте.
2781479	Pidätkö minua pöhkönä?	4960114	Считаешь меня дураком?
1012596	Ehditkö?	4960131	Успеваешь?
5236844	Mario on Italian kansalainen.	5237805	Марио - гражданин Италии.
5236846	Luulen, että aliarvioitte Tomia.	5237839	Я думаю, вы недооцениваете Тома.
1152832	Kippis!	5431129	Жахнем!
1152832	Kippis!	5431152	Ебнем!
1152832	Kippis!	5431196	Не чокаясь!
5876911	Mä rakastan näitä tyyppejä.	5878868	Я люблю этих парней.
5878870	Onko teidän vaimo kotirouva?	5878872	Ваша жена домохозяйка?
879585	Suomi on kartalla.	5881728	Финляндия на карте.
879594	Tuolla on poika.	5881732	Там мальчик.
879600	Pojalla on sanomalehti.	5881736	У мальчика есть газета.
5881805	He ovat kotona äitinsä kanssa.	5881808	Они дома со своей матерью.
5881818	Minä olen syntynyt Suomessa.	5881819	Я родился в Финляндии.
5952052	Oliko juhlapäivä?	5952055	Праздник удался?
5953698	Olemme nähneet hyvän elokuvan.	5953701	Мы видели хороший фильм.
5953754	Toivotan teille onnea!	5953755	Желаю вам счастья!
6105046	Elämä on matka, ei määränpää.	6105051	Жизнь — это путешествие, а не пункт назначения.
5835296	Kylmä käsi, lämmin sydän.	6140054	Холодная рука, горячее сердце.
6440643	"Kvaak, kvaak!" sanoi ankka.	6460888	"Кря, кря!" - сказала утка.
1607076	Missä infotiski on?	6485688	Где стойка информации?
2626665	Missä on jäätelömies?	6485691	Где мороженщик?
6617807	Tomi on selvästi aloittelija.	6667942	Том, очевидно, новичок.
537357	Vaihda renkaat uusiin.	7576712	Замени шины на новые.
571982	Soittakaa lääkäriin!	7576714	Позвоните врачу!
3596166	Et ole ikinä tyytyväinen!	7576718	Ты всегда недоволен!
6974216	Yksi pahimmista lapsuudentraumoistani on kun lokki kakkasi päälleni Helsingin kauppatorilla.	7576834	Одной из самых страшных травм моего детства было, когда чайка накакала мне на голову на Рыночной площади Хельсинки.
7570143	Karhu on pyhä eläin.	7686769	Медведь - святое животное.
7485288	Tomin huoneessa on likaista kuin politiikassa.	7686778	В комнате Тома грязно, как в политике.
7469319	Mennäänkö nukkumaan talviunta yhdessä?	7686785	Впадём в зимнюю спячку вместе?
7446542	Kuten varmasti muistat, hän käyttäytyi siellä erittäin epäkohteliaasti.	7686806	Как ты наверняка помнишь, он вёл себя там совершенно бестактно.
7446526	On täysin mahdollista, että hän voittaa vaalit.	7686809	Вполне возможно, что он победит на выборах.
7446520	On outoa, että hän on tänään niin hiljainen.	7686812	Странно, что он сегодня такой тихий.
7446463	Kenellä olutta, sillä ystäviä.	7686815	У кого пиво, у того друзья.
7446447	Tomi ripusti partaansa joulukoristeita.	7686818	Том повесил на бороду рождественские украшения.
7446423	Tomin isoisä uskoi, että homeinen ruoka on terveellistä.	7686824	Дед Тома считал, что плесневелая еда полезна для здоровья.
6940325	Onneksi unelma ei toteutunut.	7686842	К счастью, мечта не сбылась.
6933965	Joillekuille se on helppoa, joillekuille ei.	7686845	Кому-то это легко, кому-то нет.
6933923	Minun isoisoäitini syntyi Pietarissa.	7686973	Моя прабабушка родилась в Санкт-Петербурге.
6930426	Tomin keittiö on niin likainen, että siellä kasvaa sieniä.	7686974	У Тома на кухне так грязно, что там растут грибы.
6918462	"No mutta tietenkin sinä olet kasvissyöjä. Voi luoja miten noloa", kissa sanoi ja pyöritteli silmiään.	7687396	"Ну ты, конечно же, вегетарианец. Боже мой, какой позор", сказала кошка, закатывая глаза.
6864201	Leivän reikää ei syö koirakaan!	7687775	Дырку от бублика и собака не съест!
6812772	Siperia opettaa.	7689036	Сибирь научит.
5502363	Tomi pelkää putoavia lehtiä.	7689042	Том боится падающих листьев.
5236907	Ilman Golfvirtaa Suomessa olisi paljon kylmempää.	7689056	Без Гольфстрима в Финляндии было бы гораздо холодней.
5212413	Suomalaisilla on paljon kokemusta myös diplomatiasta ja kaupankäynnistä venäläisten kanssa.	7689377	У финнов также большой опыт дипломатических и торговых отношений с русскими.
5131677	Suuren parran mukana tulee suuri vastuu.	7689391	С большой бородой приходит большая ответственность.
5065859	En ole mies ennen kuin osaan tanssia.	7689403	Я не мужчина, пока не научусь танцевать.
5788849	Kala oli herkullista.	8031575	Рыба была вкусной.
3203939	Hän alkaa epäillä jotain.	8031645	Она начинает что-то подозревать.
3203941	Hän alkaa tulla epäluuloiseksi.	8031648	Она начинает становиться подозрительной.
2935989	Hän katseli ympärilleen.	8031649	Он оглянулся вокруг.
2935989	Hän katseli ympärilleen.	8031650	Он осмотрелся.
2616061	Onko huoneessa kylpyamme?	8031653	Есть ли в номере ванна?
1614612	Edellisvuonna kävimme Lontoossa.	8033394	В прошлом году мы посетили Лондон.
1614612	Edellisvuonna kävimme Lontoossa.	8033397	В прошлом году мы ездили в Лондон.
1085353	Nauru täytti huoneen.	8033480	Смех заполнил комнату.
1085338	Nauru on huonon tuulen paras lääke.	8033486	Смех - лучшее лекарство от плохого настроения.
3721253	Muistatko kun olimme pieniä ja leikimme yhdessä?	8033642	Ты помнишь как мы играли вместе, когда были маленькими?
1575615	Muistatko minut?	8033647	Ты помнишь меня?
361509	Meidän pitäisi istua.	8033682	Мы должны сидеть.
2150591	Hän istuu tietokoneella.	8033776	Он сидит за компьютером.
1852096	Haluaisin kahvia.	8033839	Я хотел бы кофе.
3858360	Luulisin, että voisimme.	8053066	Я думаю, что мы могли бы.
3374096	Luulisin olevani samaa mieltä.	8053068	Полагаю, что я был бы того же мнения.
7775948	Minun virheeni!	8053099	Моя ошибка!
3217309	Se on minun virheeni, ei sinun.	8053110	Это моя ошибка, а не твоя.
2242544	Ei sinun vielä tarvitse lähteä.	8053118	Тебе пока не нужно уходить.
3407321	En tarvitse.	8053133	Мне не нужно.
3852379	Apuasi arvostettaisiin.	8053151	Твоя помощь будет оценена.
2691034	Jokainen arvostaa hänen työtään korkealle.	8053159	Все высоко ценят его работу.
3366042	Hän teki työtään hellittämättä.	8053203	Он работал, не отрываясь.
8119134	Tulen näyttämään sinulle, kuinka mies pystyy uudestisyntymään tuhkistaan.	8119778	Я покажу тебе, каким образом человек способен снова родиться из пепла.
4532775	Minä näytän sinulle, kuinka mies pystyy uudestisyntymään tuhkistaan.	8119796	Я покажу тебе, каким образом человек может возродиться из пепла.
8119132	Näytän sinulle, kuinka mies pystyy uudestisyntymään tuhkistaan.	8119800	Я покажу тебе, как человек может возродиться из пепла.
8119133	Minä tulen näyttämään sinulle, kuinka mies pystyy uudestisyntymään tuhkistaan.	8119802	Я собираюсь показать тебе, как человек может возродиться из пепла.
3745855	Katsotaanpa saammeko portin auki.	8213952	Посмотрим, сможем ли мы открыть ворота.
6974280	Olet siihen liian nuori.	8239496	Ты слишком молод для этого.
2805355	2539 on alkuluku.	8239509	2539 - это простое число.
3584477	Mitä tuossa pulpetissa on sisällä?	8244859	Что внутри этой парты?
3584482	Mitä on kirjoituspöydän laatikossa?	8244862	Что в ящике стола?
3454729	Kristuksen uskotaan tehneen monia ihmeitä.	8252371	Считается, что Христос совершил много чудес.
8252278	Eikö minulla ole mitään oikeuksia?	8252388	У меня нет никаких прав?
8252278	Eikö minulla ole mitään oikeuksia?	8252389	Разве у меня нет никаких прав?
8318899	Auts, kahvi on tulikuumaa!	8318936	Ой, кофе очень горячий!
8099677	Tämä appelsiini on liian makea minun makuuni.	8475310	Этот апельсин слишком сладкий на мой вкус.
7891469	Sekoita keittoa.	8909458	Помешайте суп.
8953618	Olen Ranskassa turistina.	8953620	Я во Франции как турист.
5427652	Kerro jo!	9986743	Скажи мне уже!
10053984	Kuulostaa hyvältä.	10053994	Звучит хорошо.
3742595	Hyvää yötä ja nuku hyvin!	10241079	Доброй ночи и крепкого сна!
5312291	Se on ominaisuus, ei bugi.	10241085	Это фича, а не баг.
3090060	Voisinko puhua neiti Brownin kanssa?	10338140	Могу я поговорить с мисс Браун?
11136063	Ei talvikunnossapitoa.	11136067	Зимой в порядке не содержится.
3395587	Tom on minun ystäväni monen vuoden takaa.	11136085	Том - мой друг много лет.
7036302	Tomi saapui paikalle ensimmäisenä.	11136091	Том прибыл на место первым.
10348378	Sen sängyn alla on kissa.	11136095	Под этой кроватью есть кошка.
3085440	Hän menee tavallisesti kotiin kello viideltä.	11136099	Он обычно приходит домой после пяти.
2881012	Aioin soittaa hänelle, mutta unohdin tehdä sen.	11136103	Собирался позвонить ему, но забыл это сделать.
8813775	Miksi haikaralla on siivet?	11136107	Почему у аиста есть крылья?
8498468	Asettakaa se mihin vain.	11136112	Поставь это куда-нибудь.
3852304	Ystäväsi odottavat sinua.	11136188	Твои друзья ждут тебя.
3215373	Jumala parantaa sinut, ja lääkäri saa rahat.	11136267	Бог тебя вылечил, а врач деньги получил.
9962457	Minä huomasin, että bussikuskit eivät voi jarruttaa.	11136298	Я заметил, что водители автобуса не могут затормозить.
4297867	Hänen palkkansa on todella korkea.	11136302	Его зарплата действительно высокая.
9453687	Kello on varttia vaille kolme.	11136310	Время без четверти три.
3900368	Taloni sijaitsee kylän laitamilla.	11136327	Мой дом находится на краю деревни.
10630432	Älkää uskoko kaikkea, mitä ihmiset teille sanovat.	11136337	Не верьте всему, что вам люди говорят.
9002775	Kun suljen silmäni, kuvittelen olevani lintu ja osaavani lentää.	11136341	Когда я закрываю глаза, представляю, что я птица и могу летать.
1022037	Tämä lintu ei elä Japanissa eikä Kiinassa.	11136342	Эта птица не живет ни в Японии, ни в Китае.
2764969	Ensiksi sinun täytyy tehdä pääsykoe.	11137588	Сначала ты должен сдать вступительный экзамен.
3936014	Keneltä sait sen?	11137607	От кого ты это получил?
6875339	Tulevaisuus ahdistaa minua.	11137628	Будущее угнетает меня.
8657464	Pitäiskö kuulokkeista kuulua muutakin kuin särinää?	11137647	Должно ли быть слышно в наушниках что-нибудь, кроме дребезжания?
3090373	Ei ole muuta tekemistä kuin odottaa että paikat vapautuvat.	11137650	Делать нечего, кроме как ждать, что места освободятся.
9983021	Juna saapui asemalle yli 30 min. aikataulusta myöhässä.	11137653	Поезд прибыл на станцию с опозданием более 30 минут от расписания.
2126926	Älä vaan pälätä siinä, tee töitä!	11137674	Не болтай, работай!
8809210	»Onko teillä tiskikonetta kotona?» »Ei, kun meitä on vain kaksi, emme tarvitse sellaista. Tiskaamme vielä käsin.»	11137686	"У вас есть посудомоечная машина дома?" — "Нет, так как нас только двое, мы в ней не нуждаемся. Моем посуду руками".
9687164	Hänellä on taipumus laiskotteluun.	12465460	У неё склонность к безделью.
12465476	Maksoin kahvista saman verran kuin naapurikahvilassa.	12465480	Я заплатил за кофе столько же, сколько и в соседнем кафе.
3213085	Se on ainoa mahdollinen johtopäätös.	12465492	Это единственный возможный вывод.
3213085	Se on ainoa mahdollinen johtopäätös.	12465493	Это единственное возможное заключение.
8540059	Minä en ole ikinä kohdannut suoraa rotusortoa.	12465507	Я никогда не сталкивался с расизмом.
8540059	Minä en ole ikinä kohdannut suoraa rotusortoa.	12465510	Я никогда не сталкивался с расизмом напрямую.
3622495	Yhteiskunnassamme on sekä henkilöitä, joilla on korkea moraali, että huijareita.	12465654	В нашем обществе есть как люди с высокой моралью, так и мошенники.
9954958	Minsk on Valko-Venäjän pääkaupunki.	12467356	Минск — столица Беларуси.
2777340	Tässä eräänä päivänä kohtasin hänet Kiotossa.	12467364	Буквально на днях я встретил его в Киото.
8464958	Tarkastan uudestaan.	12467369	Проверю снова.
2811527	Tällä hetkellä olen herkässä tilassa.	12467379	В данный момент я нахожусь в деликатной ситуации.
11626474	He tekevät sen joka viikko.	12467386	Они это делают каждую неделю.
10396216	Etkö ole koskaan opiskellut koreaa?	12467390	Ты разве не изучал никогда корейский язык?
3993429	Anna kun kysyn yhtä juttua, Tom. Onko meillä sinusta ihan oikeasti mahdollisuus?	12467396	Позволь мне спросить тебя кое о чем, Том. Как ты думаешь, у нас действительно есть шанс?
3112502	Ajattelin että ainoa asia mistä nautit oli golf.	12467404	Думаю, что единственное дело, которое мне приносит удовольствие, — это гольф.
8593345	Onpa pieni koira.	12467411	Какая же маленькая собачка!
9237782	Hän aikoo rakentaa oman tietokoneensa.	12467414	Он собирается собрать свой компьютер.
12470605	Minusta tuntuu kuin minulle olisi noussut kuume, koska minun on vaikea puhua ja muistaa sanoja ja kielioppia lennossa.	12470609	Мне кажется, будто у меня поднялась температура, потому что мне сложно вспоминать слова и грамматику на лету.
12470610	Jos minulle olisi noussut kuume, olisin joutunut sairaalaan. En halunnut ottaa sellaista riskiä. Siksi jäin sairauslomalle.	12470611	Если бы у меня поднялась температура, то я бы попал в больницу. Я не хотел так рисковать. Поэтому я ушёл на больничный.
10624036	Kiitos. Olen kunnossa.	12471160	Спасибо, я в порядке.
3203620	Tämä koira on koulutettu haistamaan huumeet.	12471162	Эта собака обучена чуять запахи.
7096474	Valitse ase.	12471163	Выбери оружие.
7763479	Se myrsky tuhosi koko sen kaupungin.	12471164	Буря разрушила весь этот город.
2329292	Keuhkotulehdus ei ole naurun asia.	12471166	Воспаление легких - дело серьезное.
12178202	Olemme lääkintämiehiä.	12471167	Мы медики.
3794421	Meillä on kolmas tunti ranskaa.	12471168	Это у нас третий по счету урок французского.
9687285	Suomi on hullun vaikea oppia.	12471170	Дико сложно изучать финский.
3887729	Kaikkihan sen tietävät.	12471171	Все же знают это.
10900836	Vettä tuosta kaivosta voi juoda.	12471172	Воду из того колодца можно пить.
5075190	Nykyisin olen onnellinen.	12471173	Теперь я счастлив.
1011610	Minulla oli huono olo.	12471174	У меня было плохое самочувствие.
9987420	Se tarina on meille tuttu.	12471175	Эта история нам известна.
9987420	Se tarina on meille tuttu.	12471176	Эта история нам знакома.
10254413	Gepardi ei osaa kiivetä puuhun.	12471177	Гепард не умеет взбираться на деревья.
8682842	Vallankumous epäonnistui.	12471178	Революция потерпела крах.
9156033	Minä sanoin hyvää yötä.	12471179	Я пожелал спокойной ночи.
5827402	Tomi kysyi minun äidistäni.	12471180	Том спросил про мою маму.
8251244	Onko Tommi allerginen millekään?	12471181	Есть ли у Тома аллергия на что-нибудь?
3985996	Sinusta on tullut Tatoeba-riippuvainen.	12471182	Ты стал зависим от Татоэбы.
12471188	Olisipa jo kesä!	12471189	Было бы уже лето!
10237859	Kuinka vakavasti haavoittuneita Tuomas ja Mary ovat?	12471191	Насколько серьезные ранения получили Томас и Мари?
9002747	– Mihin hän suuteli sinua? – Suulle. – Ei, minun piti kysyä, että missä sinä olit kun hän suuteli sinua.	12471192	«Куда он тебя поцеловал?» — «В губы». — «Нет, я скорее должен был спросить, где именно ты была, когда он тебя поцеловал».
12471193	Asutko vuokralla vai omassa asunnossa?	12471194	Ты живёшь в своей или съемной квартире?
12471196	En tiedä, kumpi on parempi.	12471197	Я не знаю, что из этого лучше.
12471196	En tiedä, kumpi on parempi.	12471198	Я без понятия, что из этого лучше.
12471203	Noin 60 % Suomen väestöstä asuu kaupungeissa.	12471204	Примерно 60 % населения Финляндии живёт в городах.
12471216	Miten päästä eroon rikkaruohoista tontilla ikuisesti?	12471217	Как навсегда избавиться от сорняков на участке?
10690392	Haluaisitko lähteä juomaan?	12471239	Хотел бы ты пойти выпить?
12471264	Pukeudu lämpimästi!	12471266	Одевайся тепло!
11262786	Pehmolelu oli pöydällä.	12471271	Плюшевая игрушка на столе.
12471277	Meiän mökil oli talvel aina sähkötolppien kimpus muutama tikka.	12471282	Зимой у нашей дачи на опорах ЛЭП всегда сидело несколько дятлов.
8985447	Nielaise!	12472265	Проглоти!
12472966	Voisitko kertoa tapauksesta pähkinänkuoressa?	12472971	Мог бы ты рассказать об инциденте в двух словах?
12474840	Mutta kuitenkin, pidän sitä tarpeellisena.	12474841	Но всё же, я считаю это нужным.
7726039	Oletteko koskaan hikoilleet näin paljon?	12476451	Вы когда-нибудь потели так сильно?
3364042	Sinähän tiedät miksi olen täällä, vai kuinka?	12476454	Ты же знаешь, по какой причине я здесь, не правда ли?
5279690	Tomi odottaa hissien vieressä.	12476478	Том ждёт у лифта.
7210430	Älä pilkkaa muita.	12476507	Не смеши других!
10638486	Uskon, että jokaisella ihmisellä on omanlaisensa tapa ilmaista rakkauttaan.	12476516	Я думаю, у каждого свой способ выразить любовь.
3206180	Kalastaminen on ainoa asia, jota Tom haluaa tehdä.	12476521	Рыбалка - это всё, чем он хочет заниматься.
3223995	Tom ei syö tummaa lihaa.	12476523	Том не ест тёмное мясо.
7997865	Onko sinulla poika- tai tyttöystävää? Missä tutustuit häneen?	12476559	У вас есть парень или девушка? Где вы познакомились с ним или с ней?
12476572	En menettäisi mitään, jos vain kokeilisin.	12476576	Я ничего не потеряю, если просто попробую.
10072456	Tämä kirja on paksumpi kuin tuo kirja.	12477022	Эта книга толще, чем та.
1009726	Minulle saatettaisiin maksaa enemmän, jos osaisin käyttää tietokonetta.	12477038	Мне могли бы платить больше, если бы я умел пользоваться компьютером.
8173817	Yritän vain olla johdonmukainen.	12477045	Я просто пытаюсь быть последовательным.
11955193	Sairaalassa on liian meluista.	12477059	В больнице слишком шумно.
11955193	Sairaalassa on liian meluista.	12477063	В больнице слишком много шума.
9587226	En voi itse vaihtaa kelloni patteria, koska se on niin pieni.	12477072	Я не могу сам заменить батарейки в часах, потому что они слишком маленькие
9587226	En voi itse vaihtaa kelloni patteria, koska se on niin pieni.	12477078	Из-за того, что батарейки в часах слишком маленькие, я не могу заменить их самостоятельно.
3288205	Herrasmies ei tekisi sellaista asiaa.	12477080	Джентльмен бы так не поступил.
5608011	Tomi oli todella ystävällinen ja avulias.	12486224	Том был очень дружелюбным и всегда готовым помочь.
5707490	Tomi kirjoitti kirjeen Joulupukille.	12499569	Томи написал письмо Санта-Клаусу.
12507193	Tämä on tavoite, jonka vuoksi kannattaa elää.	12507194	Это цель, ради которой стоит жить.
9037721	Kielitaito on hyödyllinen.	12964396	Языковые навыки полезны.
