413850	그는 80 키로 이상 나간다.	474500	O 80 kilo.
461973	저는 미국사람 이에요	474504	Ben Amerikanım.
465574	발음표시는 읽을 수 있으십니까?	474505	Fonetik işaretleri okuyabiliyor musun?
465575	이 CD 는 10 달러 입니다.	474506	CD'yi alman 10 dolar tutuyor.
465576	비가 내려서 택시를 탔습니다.	474507	Bir taksi çağırdım çünkü yağmur yağıyordu.
465577	그는 아무일도 없었던듯이 보였다.	474509	Hiçbir şey olmadığı görünüyordu.
472087	나는 학교에 가요.	474510	Okula gidiyorum.
472091	내친구는 한국어를 공부해요.	474512	Arkadaşım Korece öğreniyor.
472098	우리들은 노래방에서 소주를 마셨어요.	474513	Karaoke barda soju içtik.
472895	오늘 숙제가 너무 많아요.	474514	Bugün bir sürü ödevim var.
330711	내 안경은 어디 있어요?	474515	Gözlüğüm nerede?
5382	무엇이 문제입니까?	482006	Sorun ne?
1023023	연락하고 지내요.	1128567	Temas kuralım.
2654533	엄마, 난 이걸 입고 싶지 않아요.	2865033	Anne! Bunu giymek istemiyorum.
1169266	공부 해!	2879960	Çalış!
1176078	S♥NE~~ 벌써 우리가 만난 지 4년 이예요!!^^ 참..시간이 빠른 것 같아요.	2879970	S♥NE~~ Tanışalı dört yıl oluyor! Zaman su gibi akmış gibi.
1177831	일석이조.	2879971	Bir taşla iki kuş.
1187577	이 학생들이 한국사람이다.	2879974	Bu öğrenciler Koreli.
2831450	너무 까다롭게 고르면 아무것도 못 받는다.	2879981	Çok fazla seçicilik yaparsan hiçbir şey elde edemezsin.
2834003	난 거기 가고 싶지 않아.	2879985	Ben oraya gitmek istemiyorum.
2834017	머리가 좋아요.	2879988	Kafan çalışıyor.
2860563	그들은 서로 싫어했다.	2880013	Birbirlerinden nefret ettiler.
2864342	새가 날아가 버리고 시야에서 사라졌다.	2880028	Kuş uçup gözden kayboldu.
2864344	그는 생각에 잠겼다.	2880032	O dalıp gitti.
1587279	그는 텍사스나 그쯤에서 왔다.	2880061	O Teksas ya da yakınlarında bir yerden gelmiş.
1587286	그는 항상 배운다.	2880066	O her zaman öğrenir.
1587292	톰은 이탈리아 식당에 가는 걸 특히나 좋아한다.	2880073	Tom özellikle İtalyan restoranına gitmeyi sever.
1587294	천천히.	2880076	Yavaş yavaş.
1587294	천천히.	2880078	Yavaşça.
1587295	천천히 운전하세요.	2880081	Yavaş sürünüz.
1587298	우린 이탈리아 피자집에 갔어요.	2880085	Biz İtalyan pizzacısına gittik.
1587300	언제까지나 친구로 지내자.	2880091	Sonsuza kadar arkadaş olarak kalalım.
1587301	돈은 별로 없지만, 당신과 함께라서 행복해요.	2880106	O kadar çok paran yok ama, seninle birlikte olduğum için mutluyum.
906131	사랑이 사랑을 어떻게 사랑할 수 있니?	2880133	Aşk aşka nasıl aşık olabilir ki?
906592	지난 주말에 산으로 소풍을 갔다.	2880138	Geçen hafta sonu dağa pikniğe gittim.
1533117	일본의 날씨는 영국보다 따듯하다.	2880161	Japonya'nın havası İngiltere'den daha sıcaktır.
2378167	일식집 가자.	2880170	Japon restoranına gidelim.
1533324	그 남자에게 사실대로 말해.	2880172	O adama gerçeği söyle!
911513	너 바보 아냐!	2880173	Sen aptal değilsin!
1219114	오늘도 조금 늦을 것 같아요.	2880192	Sanırım bugün de birazcık geç kalacağım.
413850	그는 80 키로 이상 나간다.	2880198	O 80 kilodan fazla geliyor.
753585	어제 저는 책을 샀어요.	2880313	Dün kitap aldım.
753730	여보세요?	2880314	Alo.
778590	이것은 중국의 부채입니다.	2880315	Bu Çinin yelpazesidir.
780917	내가 그를 꽉 안아서 울었다.	2880320	Ben ona sıkıca sarılıp ağladım.
780921	너에게 전화를 걸고 싶었는데, 너가 안 받을까봐 결국 전화 못했어.	2880328	Seni aramak istedim ama senin açmayacağından korktuğum için arayamadım.
2478241	가방이 가득합니다.	2880334	Çanta dolu.
2478249	바나나 달콤한이다.	2880335	Muz tatlıdır.
2652637	난 그 아이가 길을 잃까봐 걱정 하고 있어요.	2880339	Ben o çocuğun yolunu kaybedeceğinden korkup endişe ediyorum.
1535418	탐은 내 비디오 카메라를 쓰고 싶으면 쓸 수 있다.	2880343	Tom benim video kameramı kullanmak isterse kullanabilir.
2852411	공부할 방이 없다.	2880352	Çalışacak oda yok.
500822	바쁘세요?	2881094	Meşgul müsünüz?
2852341	당신은 삼일전에 일을 끝냈다고 말했다.	2881199	Üç gün önce işi bitirdiğini söyledin.
2852359	마유코는 내 사과를 한 입 베어물었다.	2881202	Miyuku benim elmamı ısırdı.
2852408	기다릴 수 밖에 없다.	2881207	Beklemekten başka bir şey yapamam.
2852464	그는 자기 아내에게 늘 진실했었다고 한다.	2881211	Onun dediği eşine her zaman sadık kaldığıydı.
2655650	개같이 벌어서 정승같이 쓴다	2882049	Eşek gibi çalışıp bey gibi yemek.
941476	오늘이 며칠이지?	2882056	Bugün ayın kaçı?
941478	나는 지금 31살이다.	2882057	Ben şimdi 30 yaşındayım.
941480	어떻게 그런 일이 발생할 수 있었지?	2882061	Böyle bir şey nasıl olabildi?
2652648	오늘은 6월 18일, Muiriel의 생일이네요!	2882076	Bugün 18 Haziran, Muiriel'in doğum günü!
1533355	네가 오늘 가나 내일 가나 마찬가지야.	2882084	Bugün ya da yarın gitmen aynı şey.
2882131	무지개를 보고 싶다면 비를 견뎌야 한다.	2882133	Gökkuşağını görmek istiyorsan yağmura katlanmalısın.
2656046	그걸 어디에 숨겼어요?	2882141	Nereye sakladın?
465576	비가 내려서 택시를 탔습니다.	2882142	Yağmur yağdığı için taksiye bindim.
1008628	그녀는 힘든 삶을 살았다.	2882143	Zor bir hayat yaşadı.
2882162	시간을 잡아라!	2882163	Zamanı yakala!
2345014	그는 한 가지 언어만 말할 수 있다.	3217213	O sadece bir dil konuşabilir.
961977	어디에 가고 싶으세요?	3232665	Nereye gitmek istersiniz?
3923698	일요일은 일주일의 마지막 날이다.	3944501	Cuma haftanın son günüdür.
3841202	저는 안드레아 입니다.	3944507	Ben Andrea'yım.
3752907	다음 분 오세요.	3944518	Sonraki kişi gelsin, lütfen.
3718351	기분이 하루종일 좋았다.	3944528	Tüm gün keyfim yerindeydi.
3718337	어제는 좋은 날이었다.	3944530	Dün, güzel bir gündü.
3718269	이 경우에는 문제가 없다고 본다.	3944534	Bu durumda sorun yok gibi görünüyor.
3718257	그 슈퍼마켓은 가끔 세일 해.	3944538	Zaman zaman o spermarket indirim yapıyor.
3718255	내 친구는 슈퍼마켓에서 일해.	3944540	Arkadaşım süpermarkette çalışıyor da..
3718246	내 개와 산책했어.	3944541	Köpeğimle birlikte yürüyüş yaptım.
3718243	집에 돌아가서 한국요리를 만들어 먹었어.	3944543	Eve gidip Kore yemeği yapıp yedim.
3718233	난 기분이 나빴다.	3944546	Benim keyfim yoktu.
3718217	오늘은 너무 바빴어.	3944547	Bugün çok yoğundu.
3709076	조심해!	3944549	Dikkatli ol!
2881475	무료로 그것을 얻을 수 있다.	4229624	Para ödemeden elde edebilirsin.
952465	그는 위자료 청구 소송을 제기했다.	5117144	Tazminat davası açtı.
6845291	호주에서는 인기가 있어요.	7259726	Avustralya'da popüler.
6845290	그것은 보스턴에서 일어났습니다.	7259741	Boston'da meydana geldi.
6845287	아직 메리랑 키스 못 해봤어.	7259748	Henüz Mary'yi öpemedim.
6845286	나는 아직 메리를 사랑해.	7259752	Mary'yi hala seviyorum.
6960363	들어오면 손과 발을 깨끗이 씻고, 양치질도 해야 돼요.	8268701	Girdiğinizde, ellerinizi ve ayaklarınızı yıkayın ve dişlerinizi fırçalayın.
8469611	"이 차량들 소유자분이십니까?" "네. 전부 제 차예요."	10749659	Bu araçların hepsi sizin mi? Evet hepsi benim.
3714895	바다에는 섬들이 있다.	10749660	Denizde adalar olur.
982250	저 고양이가 갈색입니다.	10749661	Şu kedi kahverengi.
8533939	너 이걸 할 거야 뭐야?	10749662	Bunu yapacak mısın? Napacaksın?
944620	난 나쁜 느꼈습니다.	10749663	Ben kendimi kötü hissettim.
2110893	난 모든 것을 말했다.	10749666	Ben her şeyi söyledim.
8407673	네가 그걸 한다면 너는 우습게 보일 거야.	10749670	Eğer bunu yaparsan komik görüneceksin.
8428824	그녀는 그에게 완전히 반해 버렸었다.	10749673	Ona tamamen aşık olmuştu.
8462524	소풍하는 것보다 더 로맨틱한 것이 있긴 해?	10749675	Piknikten daha fazla romantik bir şey var mı?
7965204	나는 니가 일을 계속하게 도와주고 싶어.	10749677	Çalışmana devam etmen için sana yardım etmek istiyorum.
10585671	나는 지금 프랑스어를 배운다.	10749678	Ben şu an fransızca öğreniyorum.
8422596	톰은 보통 프랑스어로 노래하진 않아.	10749680	Tom genelde fransızca şarkı söylemez.
10585610	관용을 베푸세요!	10749681	Hoşgörülü olunuz.
8533792	여자 한 명이 살해당했어.	10749682	Bir kadın öldürüldü.
6961447	우리집은 깨끗해요.	10749693	Evimiz temiz.
5269507	우리는 두 번째 평가서도 요청해야 할 것입니다.	10749696	İkinci değerlendirmeyi talep edeceğiz.
2110893	난 모든 것을 말했다.	10763392	Ben her şeyi anlattım.
10706744	나는 빨간색 새 차 한 대가 있다.	10763408	Kırmızı yeni arabam var.
1600258	사람은 일을 해야한다.	10763410	Çalışması gerekiyor.
