2158374	Deja, aš ne labai gerai suprantu angliškai.	340690	Mi dispiace, non capisco bene l'inglese.
3147323	Mano tėtis labai gerai vairuoja.	365722	Mio padre guida molto bene.
632730	Joks žmogus negali išgyventi iki dviejų šimtų.	374696	Nessuno può vivere duecento anni.
563453	Prašau paduoti man cukrų.	379660	Per favore, passami lo zucchero.
2605781	Visi įvykiai, aprašyti šioje istorijoje, yra pramanyti.	380540	Tutti gli eventi descritti in questa storia sono immaginari.
2695636	Norėčiau aplankyti Niujorką.	381440	Mi piacerebbe visitare New York.
2173081	Kiek kartu per dieną tu pažvelgi į veidrodį?	383750	Quante volte al giorno ti guardi allo specchio?
2282346	Ar dabar jautiesi geriau?	389492	Va meglio ora?
2695641	Roma - miestas, kurį vertą aplankyti.	395758	Roma è una città che vale la pena visitare.
2158279	Aš turiu gerą žodyną.	409815	Io ho un buon dizionario.
2158204	Jis turtingesnis už bet ką kitą šiame mieste.	410220	Lui, in questa città, è più ricco di chiunque altro.
2158202	Tu per daug kalbi.	410889	Parli troppo.
2158420	Padėjau jai užsidėti suknelę.	448302	L'ho aiutata a mettersi un vestito.
2158475	Netrukus jis susipažino su kitais Erasmus studentais.	524822	Ha presto conosciuto altri studenti Erasmus.
2158401	Aš busiu ten penktą.	612197	Sarò lì alle cinque.
2158367	Aš kurį laiką pabusiu čia.	614038	Starò qui per poco.
2158247	Aš galiu tai padaryti pats.	617078	Riesco a farla da solo.
2158248	Aš galiu tai padaryti pati.	617078	Riesco a farla da solo.
2159067	Jie kaulyja pinigus iš tėvų.	620143	Importunano i loro genitori per soldi.
2159069	Jie kaulyja iš tėvų pinigų.	620143	Importunano i loro genitori per soldi.
630547	Daugiau nebenoriu.	628460	Non voglio più.
2173083	Akys yra sielos veidrodis.	633167	Gli occhi sono lo specchio dell'anima.
3225214	Ji buvo pastebėta šokanti.	635228	Lei è stata vista a ballare.
2620309	Aš skaitau New York Times.	657441	Sto leggendo il New York Times.
2159095	Išgirdau jį lipantį laiptais žemyn.	701234	L'ho sentito scendere le scale.
2713840	Aš pagaliau radau darbą.	705969	Ho finalmente trovato un lavoro.
2727863	Jis taip pat mokosi kinų kalbos.	713205	Studia anche cinese.
2655795	Ar tai nepanašu į veidrodį?	713222	Non sembra uno specchio?
2158293	Ar tu moki sukti krepšinio kamuolį ant piršto?	713927	Riesci a far girare una palla da basket sulla punta del dito?
2173086	Džudė praleidžia daug laiko besižiūrėdama į veidrodį.	755324	Judy passa molto tempo a guardarsi allo specchio.
2045548	Aš norėčiau nuvažiuoti į Londoną.	778332	Mi piacerebbe andare a Londra.
2158260	Jis nusprendė nedalyvauti prezidento rinkimuose.	798069	Ha scelto di non presentarsi alle elezioni presidenziali.
2158435	Gyvenimas žlugęs be tavęs.	836262	La vita è una rovina senza di te.
2679043	Ar esi alergiškas vaistams?	852935	Sei allergico alle medicine?
2158077	Po to stalų yra mažas rudas šuniukas.	894764	C'è un cagnolino marrone sotto quel tavolo.
2173087	Veidrodis atspindi šviesą.	896935	Uno specchio riflette la luce.
2670991	Lipdamas iš autobuso jis garsiai pasisveikino su manimi.	918429	Scendendo dall'autobus, mi salutò ad alta voce.
2159100	Telefonas šiuo metu neveikia.	940171	Il telefono ora è fuori servizio.
2152850	Mes žaidžiame sekmadienį.	947407	Suoniamo alla domenica.
2159076	Jis neteko darbo.	947466	Perse il suo lavoro.
948497	Taip, prašau.	948508	Sì, per favore.
948527	Štai ir viskas.	948516	È così.
2760868	Papasakok man viską apie tai.	950017	Mi dica tutto a riguardo.
2760870	Papasakokite man viską apie tai.	950017	Mi dica tutto a riguardo.
2158358	Mano tėvas paliko man didelį palikimą.	967887	Mio padre mi lasciò una grande eredità.
2158020	Tu eini ar ne?	975769	Vieni o no?
2260894	Ji bijo šunų.	990042	Lei ha paura dei cani.
2621155	Vasara pagaliau atėjo.	990386	L'estate è arrivata, alla fine.
2158363	Turime pasiųsti šias kiaules į skerdyklą.	997844	Dobbiamo spedire questi maiali al macello.
2744968	Ji gulėjo ant sofos su užmerktomis akimis.	1005760	Giaceva su un sofà con gli occhi chiusi.
2173122	Aš nekenčiu pasaulio, nes pasaulis nekenčia manęs.	1007446	Io odio il mondo perché il mondo odia me.
617720	Paskolinsi man peilį?	1016492	Mi lasci il tuo coltello?
2173090	Jis paėmė veidrodį ir pasižiūrėjo į savo liežuvį.	1020443	Prese uno specchio e si guardò la lingua.
2653793	Didžiausias Pietų Amerikos ežeras - Titikaka randasi Peru.	1082649	Il lago più grande dell'America del Sud, il Titicaca, si trova in Perù.
570121	Ar mokate naudotis kompiuteriu?	1089436	Sai usare un computer?
2173098	Ji pasižiūrėjo į veidrodį.	1100025	Si è guardata allo specchio.
2173098	Ji pasižiūrėjo į veidrodį.	1100026	Lei si è guardata allo specchio.
4784254	Jei to nebūtum padaręs tu, tą būtų padaręs kas nors kitas.	1104530	Se non l'avessi fatto tu, l'avrebbe fatto qualcun altro.
2158427	Jis laimėjo trečią prizą.	1131742	Vinse il terzo premio.
6888175	Aš nemoku anglų kalbos.	1170300	Non so l'inglese.
2158323	Kas tavo mėgstamiausias būgnininkas?	1171548	Chi è il tuo batterista preferito?
2158369	Mes valgome daug maisto rūšių.	1184618	Noi mangiamo molti tipi di cibo.
2727849	Jis gyvena greta manęs.	1246330	Lui vive accanto a me.
2158073	Gyvenime yra prioritetai.	1246515	Nella vita ci sono delle priorità!
2160421	Ar tu rytoj laisvas?	1253872	Siete libere domani?
2715885	AŠ sutinku su šia nuomone.	1272185	Concordo con quella opinione.
2158443	Ši knyga per didelė, kad tilptų mano kišenėje.	1285081	Questo libro è troppo grande per entrare nella mia tasca.
2158315	Kava yra karti.	1295422	Il caffè è amaro.
2673396	Jis gerai moka naudotis kompiuteriu.	1295721	Lui sa bene come utilizzare un computer.
2158346	Nueik į kirpyklą.	1310313	Vai dal barbiere.
2727794	Mažos dovanos palaiko draugystę.	1358960	I piccoli regali mantengono viva un'amicizia.
2158064	Visada taip buvo ir visada taip bus.	1363490	È sempre stato così e lo sarà sempre.
2158353	Ar tu pasitiki šiuo pranešimu?	1416118	È sicuro di quel rapporto?
2160595	Ką šiąnakt veiksime?	1429411	Stasera cosa facciamo?
2205280	Pabaik sakinį.	1435699	Completate la sentenza.
2712378	"Ko tu norėtum?" "Norėčiau šuns."	1447180	"Cosa vorresti?" "Vorrei un cane."
622778	Aš nekalbu japoniškai.	1472938	Io non parlo giapponese.
2464437	Kas galėtų man pasakyti, kas aš esu?	1475212	Chi mi sa dire chi sono?
2770003	Žmogaus kaukolę sudaro 23 kaulai.	1512816	Il cranio umano consiste di 23 ossa.
2158017	Tomas paklausė Marijos, kokia buvo jos pavardė.	1516094	Tom chiese a Mary quale fosse il suo cognome.
2159107	Negali skaityti šio romano neverkdamas.	1516883	Non puoi leggere questo romanzo senza piangere.
2282349	Paskubėk, nes pavėluosi į savo lėktuvą.	1516887	Sbrigati, o perderai il tuo aereo.
2246070	Mano sesuo dažnai rūpinasi kūdikiu.	1517503	Mia sorella si prende sovente cura del bambino.
2159077	Nesidrovėk.	1534906	Non essere timida.
2158310	Plaukioja kaip žuvis.	1535125	Nuota come un pesce.
2161456	Kambarys bus nudažytas rytoj.	1536624	La stanza sarà dipinta domani.
2158084	Jis nežinojo, kad "Romeo ir Džuljetą" parašė Šekspyras.	1541096	Non sapeva che Shakespeare avesse scritto Romeo e Giulietta.
2158047	Kiotas- senoji Japonijos sostinė.	1544453	Kyoto è la precedente capitale del Giappone.
2459238	Įeidami į namus japonai nusiauna batus.	1545855	I giapponesi si tolgono le scarpe quando entrano in una casa.
2714493	Aš dirbu mokytoju.	1546062	Io lavoro come insegnante.
2158307	Kiek ilgai Jūs esate Čekoslovakijoje, pone Reindl?	1547347	Da quanto tempo siete in Cecoslovacchia, signor Reindl?
2282344	Mano tėvo automobilis pagamintas Italijoje.	1551841	L'automobile di mio padre è prodotta in Italia.
2164982	Cukrus tirpsta karštoje kavoje.	1566320	Lo zucchero si scioglie nel caffè caldo.
2655796	Žmogus žiūri į veidrodį, o veidrodis žiūri į jį.	1623223	L'uomo guarda nello specchio, lo specchio guarda dentro di lui.
2167890	Būk atsargus, ką kalbi!	1645247	Stai attento a quello che dici!
2167891	Galvok, ką kalbi!	1645247	Stai attento a quello che dici!
2753975	Tomas man pasakė, kad galima išsinuomoti dviratį.	1671532	Tom mi ha detto che era possibile noleggiare una bicicletta.
2668440	Situacija ten buvo kritinė.	1692137	La situazione lì era critica.
2602374	Sąskaitą, prašom.	1702185	Il conto, per piacere.
2673628	Man atrodo, kad atsakymas paprastas.	1758634	A mio parere la risposta è semplice.
2698060	Suskaičiuojama daugiau nei trys šimtai septyniasdešimt ryklių rūšių, ir tik kelios jų yra pavojingos žmonėms.	1766456	Esistono più di 370 specie di squali e solamente pochissime sono pericolose per l'uomo.
2159083	Kodėl tu tai padarei?	1797889	Perché l'hai fatto?
2280111	Paplūdimys yra ideali vieta vaikams žaisti.	1852460	La spiaggia è un luogo ideale per far giocare i bambini.
2282343	Vaikai miega.	1865823	Le bambine stanno dormendo.
2158297	Jis mano, kad žino viską.	1880501	Crede di sapere tutto.
2666909	Vėjas pučia į šiaurę.	1922819	Il vento soffia verso nord.
1570442	Ar matai mane?	1936945	Mi vede?
2158343	Praeitais metais buvo didelis persikų derlius.	1943801	C'è stato un grande raccolto di pesche l'anno scorso.
2158394	Negaliu būti tikras.	2001531	Io non posso essere sicura.
2158396	Negaliu būti tikra.	2001531	Io non posso essere sicura.
2694896	Neliesk šitų.	2010003	Non tocchi quelli.
2158215	Ji elgiasi paslaptingai.	2018491	Si comporta misteriosamente.
2158070	Nenorėjau užgauti tavo jausmų.	2018918	Non volevo ferire i suoi sentimenti.
2158335	Jis gyvena Kardife.	2019963	Lui vive a Cardiff.
2612217	Neįmanoma sustabdyti pažangos.	2020591	Non puoi fermare il progresso.
2158364	Aš negaliu nupiešti paukščio.	2022852	Io non riesco a disegnare un uccello.
2034546	Kas yra teisėjas?	2034539	Chi saranno i giudici?
2158339	Ar Tomas žino, kas aš esu?	2052992	Tom sa chi sono?
2161466	Aš matau jūsų namą.	2086730	Io vedo la vostra casa.
2158331	Negaliu diskutuoti su tavimi apie tai.	2090763	Non riesco a discuterne con te.
2158405	Ar sumokėjai už knygą?	2122243	Avete pagato il libro?
2162804	Jis girtas.	2162795	È ubriaco.
2163868	Kerštas yra saldus.	2163848	La vendetta è dolce.
2171474	Aš noriu žinoti, ką tu dabar matai.	2171469	Voglio sapere cosa vedi adesso.
2714565	Jis dvigubai už ją vyresnis.	2200360	Ha il doppio della sua età.
3116482	"Ar jie vėl streikuos?" - "Bijau, kad taip."	2215565	"Sciopereranno ancora?" "Temo di sì."
2459127	Duokite man raktą, ir aš atversiu pasaulį.	2215873	Datemi una chiave e aprirò l'universo.
2219562	Ji turi ne mažiau kaip septynis vaikus.	2219557	Ha non meno di sette figli.
2219838	Ką tu matai?	2219825	Cosa vedete?
2219839	Ką jūs matote?	2219825	Cosa vedete?
2232433	Tai bus lengva.	2232369	Questo sarà facile.
2233799	Darbas dar nebaigtas.	2233798	Il lavoro non è ancora finito.
2238078	Ji yra mano žmona.	2238066	È mia moglie.
2262645	Tomas ir Merė išliko gyvi.	2262455	Tom e Mary sono sopravvissuti.
2309448	Brangūs broliai ir seserys!	2309361	Cari fratelli e sorelle!
8402612	''Kur Laura?'' ''Ji virtuvėje.''	2347448	"Dov'è Laurie?" "È in cucina."
2737879	Šioje apylinkėje yra daug paliktų namų.	2411675	Ci sono molte case abbandonate nel quartiere.
2457421	Daugelis muziejų pirmadieniais nedirba.	2457420	Molti musei sono chiusi al lunedì.
2457595	Deja, esi teisus.	2457588	Purtroppo hai ragione.
2457596	Deja, esi teisi.	2457588	Purtroppo hai ragione.
2457650	Turiu darbo iki kaklo.	2457613	Io ne ho fino al collo con il lavoro.
2457818	Pačiame miesto centre įsiliepsnojo gaisras.	2457780	È scoppiato un incendio nel cuore della città.
2457901	Aš esu namų šeimininkė.	2457893	Io sono una casalinga.
2459258	Ką jūs žinote apie Vokietijos Demokratinę Respubliką?	2458124	Cosa sapete sulla Repubblica Democratica Tedesca?
2459716	Mano tėvas keliasi anksti.	2459669	Mio padre si alza presto.
2459715	Sunku būti niekuo.	2459674	È difficile essere nessuno.
10574857	Tai arfa.	2480117	È un'arpa.
2493186	Šiandien tokia liūdna diena.	2493190	Oggi è un giorno così triste.
3942813	Ji man davė porą gerų patarimų.	2506887	Lei mi ha dato qualche buon consiglio.
2563670	Kalbėk itališkai! Aš nesuprantu vokiškai.	2563362	Parla italiano! io non capisco il tedesco.
2602237	Tomas turi geltoną sportinį automobilį.	2602228	Tom possiede una macchina sportiva gialla.
2602308	Štai namas, kuriame jis gimė.	2602239	Questa è la casa in cui è nato.
2602362	Perduok man cukraus, prašau.	2602349	Passi lo zucchero, per piacere.
2609086	Tomas taip pat kalba prancūziškai.	2609035	Anche Tom sa parlare in francese.
2610070	Tomui nepavyko rasti Merės namo.	2610021	Tom non riusciva a trovare la casa di Mary.
2610081	Tomas nemokėjo gerai kalbėti prancūziškai.	2610034	Tom non riusciva a parlare bene in francese.
2610076	Tomas negalėjo nustoti verkti.	2610039	Tom non riusciva a smettere di piangere.
2612026	Praėjusiais metais aš žaidžiau krepšinį.	2611988	Giocavo a basket l'anno scorso.
2617726	Tomas guli lovoje.	2617711	Tom è sdraiato sul letto.
2618152	Tomas tikriausiai laukia.	2618135	Tom probabilmente sta aspettando.
2618157	Bet ar tai tiesa, kad jis norėjo važiuoti į Vokietiją?	2618141	Ma è vero che voleva andare in Germania?
2618311	Tomas yra ypatingas.	2618300	Tom è speciale.
2624062	Merė nedėvi liemenėlės.	2624056	Mary non sta indossando un reggiseno.
2667603	Ji skaito kalendorių.	2667589	Lei legge il calendario.
2670209	Ji motina rašo laišką.	2670198	Sua madre sta scrivendo una lettera.
6888175	Aš nemoku anglų kalbos.	2676717	Io non so l'inglese.
2678150	Aš nekenčiu advokatų.	2678138	Io odio gli avvocati.
2762394	Mes atvykome truputį pavėlavę.	2700100	Siamo arrivati ​​un po' in ritardo.
2762387	Aš tiek daug norėčiau tau pasakyti.	2700110	Ci sono tante cose che voglio dirti.
2762369	Ar esi tikras, kad nenori to padaryti?	2700338	Sei sicuro di non volerlo fare?
2762376	Ar tikrai nenori to daryti?	2700338	Sei sicuro di non volerlo fare?
2762205	Atsiprašau, kad jus pertraukiu, bet turiu kai ką pasakyti.	2700340	Mi dispiace interromperti, ma ho bisogno di dire una cosa.
2762198	Galimybės yra beribės.	2700343	Le possibilità sono infinite.
2701439	Nusprendžiau studijuoti užsienyje.	2701434	Ho deciso di studiare all'estero.
2708729	Aš esu plaukikė.	2711147	Sono una nuotatrice.
2715763	Ar jums skauda pilvą?	2715737	Ha il mal di stomaco?
2715764	Ar tau skauda pilvą?	2715737	Ha il mal di stomaco?
2715759	Ką vakar valgiai vakarienei?	2715744	Cos'ha mangiato ieri sera?
2723746	Kitokio paaiškinimo nėra!	2723736	Non c'è altra spiegazione!
2728327	Jis gydytojas, bet taip pat ir rašytojas.	2728318	È un dottore, però è anche uno scrittore.
2748651	Aš noriu šuns.	2748639	Voglio un cane.
2748651	Aš noriu šuns.	2748640	Io voglio un cane.
2749118	Tomas niekada manęs neklauso.	2749081	Tom non mi ascolta mai.
2757770	Jis nori skaityti knygą.	2757760	Lui vuole leggere un libro.
2767171	Štai mano numeris.	2765834	Ecco il mio numero.
2970472	Aš skaičiau šį straipsnį vakar.	2970423	Io ho letto questo articolo ieri.
2970525	Ar galiu tęsti savo kelionę?	2970514	Posso continuare il mio viaggio?
2970570	Pelėdos gali matyti tamsoje.	2970540	I gufi riescono a vedere al buio.
3089966	Kas per šalis!	3089730	Che paese!
3094300	Nenoriu atsakyti.	3094299	Non voglio rispondere.
3097172	Ar tu nusidažei plaukus?	3097148	Ti sei tinta i capelli?
3100786	Dievinu picą.	3100775	Adoro la pizza.
3943446	Italija - tai ne Graikija.	3101139	L'Italia non è la Grecia.
3113801	Man jau pradeda trūkti kantrybė.	3113759	Sto iniziando a perdere la pazienza.
3113828	Aš taip ilgai to laukiau.	3113799	Lo aspettavo da tanto.
3116448	Ji arė lauką.	3116416	Lei arò il campo.
3116465	Aš irgi tuo tikiuosi!	3116449	Anche io lo spero!
3116468	Aš patenkinu savo šeimos poreikius.	3116451	Io soddisfo i bisogni della mia famiglia.
3116498	Tomas nebuvo apkaltintas dėl jokio nusikaltimo.	3116470	Tom non è stato accusato di alcun crimine.
3137832	Labai tavęs ilgiuosi.	3137825	Mi manchi tanto.
3158382	Hitomi atrodė labai laiminga.	3158377	Hitomi sembrava molto felice.
3182744	Mes tave atpažinome.	3182721	Ti abbiamo riconosciuto.
3190074	Tomas mėgsta keptus viščiukus.	3190038	Tom ama il pollo fritto.
3191929	Aš genijus!	3191859	Sono un genio!
3201353	Kodėl niekada neatsakai?	3201340	Perché non rispondi mai?
3209980	Mes esame šeima.	3209969	Noi siamo una famiglia.
3191929	Aš genijus!	3418407	Io sono un genio!
6594298	Mums teks sulaukti Tomo atsakymo.	3558932	Noi dovremo aspettare la risposta di Tom.
1604187	Myliu tave iš visos širdies.	3635500	Ti amo con tutto il mio cuore.
4906377	Tomas kalbus.	3837566	Tom è loquace.
3990912	Ateik mūsų aplankyti! Laukiam tavęs!	3990866	Vieni a trovarci! Ti aspettiamo!
11903643	Ar Tomas elektrikas?	4057561	Tom è un elettricista?
4143861	Neturėjau kito pasirinkimo, kaip tik taip pasielgti.	4143832	Non avevo altra scelta se non farlo.
3997881	Pakeisk temą.	4269077	Cambia argomento.
948439	Labas rytas.	4561148	Buongiorno.
4784277	Tavo vietoje būčiau padaręs tą patį.	4562015	Se fossi al tuo posto, farei altrettanto.
4784281	Tavo vietoje būčiau padariusi tą patį.	4562015	Se fossi al tuo posto, farei altrettanto.
4588440	Aš rasiu sprendimą.	4588396	Troverò una soluzione.
4591626	Tomas ir Merė abu yra dėstytojai.	4591615	Tom e Marie sono entrambi degli insegnanti.
4615731	Mano kaimynė gavo anoniminį laišką.	4615723	La mia vicina ha ricevuto lettere anonime.
4626351	Negi taip sunku suprasti?	4626238	È così difficile da capire?
4712646	Jis padarė svarbų atradimą.	4711062	Lui ha fatto un'importante scoperta.
4712644	Prisiekiu, kad vieną dieną aš pakeisiu pasaulį.	4711075	Lo giuro, un giorno cambierò il mondo.
4712639	Jie praleido naktį kartu.	4711085	Hanno passato la notte insieme.
4712619	Visi svajoja aplankyti Paryžių.	4712598	Tutti sognano di visitare Parigi.
4715074	Tomas sulankstė laišką ir įdėjo jį į voką.	4715061	Tom piegò la lettera e la mise nella busta.
4760680	Kieno ši pica?	4760566	Di chi è questa pizza?
4798172	Aš tai padariau ne vienas.	4798024	Non ho fatto questo da solo.
4798171	Aš tai padariau ne viena.	4798028	Non ho fatto questo da sola.
4924528	Ir aš mėgstu muziką.	4924525	Anche io amo la musica.
9733297	Aš ne naktinė persona.	4987256	Non sono una persona notturna.
9733297	Aš ne naktinė persona.	4987257	Io non sono una persona notturna.
7324605	Aš ne aktorius.	5766068	Non sono un attore.
7324605	Aš ne aktorius.	5766069	Io non sono un attore.
10267149	Aš ne poetas.	6444516	Non sono un poeta.
10248988	Aš ne iš Bostono.	6823196	Non sono di Boston.
10248988	Aš ne iš Bostono.	6823197	Io non sono di Boston.
6904923	Tikėjotės, kad aš jūsų nenuvilsiu, bet, deja, nesugebėjau nieko padaryti.	6904767	Voi speravate che non vi avrei deluso, ma, ahimè, non sono riuscito a fare niente.
3590103	Aš ne naivus.	6916731	Non sono ingenuo.
3590103	Aš ne naivus.	6916732	Io non sono ingenuo.
7455924	Aš ne robotas.	7974639	Non sono un robot.
7455924	Aš ne robotas.	7974640	Io non sono un robot.
9481292	Tomas ne anarchistas.	9004902	Tom non è un anarchico.
9936674	Mirtis kolonializmui!	9935873	Morte al colonialismo!
11532572	Mano vardas Marina.	11532606	Mi chiamo Marina.
10713607	Koalos ne meškos.	11701550	I koala non sono orsi.
12300038	Marija pasidarė raudona kaip pomidoras.	12770025	Maria divenne rossa come un pomodoro.
12214141	Paukščiai neturi dantų.	13018732	Gli uccelli non hanno denti.
13064664	Ateitis bus sukurta ne jėga ar troškimu nugalėti, o kantriai taikant demokratijos etodą, vadovaujantis konstruktyvia sutarimo dvasia ir pagarba laisvei.	13064581	Il futuro non verrà costruito con la forza, nemmeno con il desiderio di conquista ma attraverso la paziente applicazione del metodo democratico, lo spirito di consenso costruttivo e il rispetto della libertà”
3124320	Uranas - septintoji planeta nuo Saulės.	13266063	Urano è il settimo pianeta a partire dal Sole.
3183252	Tai nebuvo mano klausimas.	13310287	Non era quella la mia domanda.
