481603	Ik wil aspirine kopen.	481605	Vorrei dell'aspirina.
461322	Ik ben Wang.	481870	Mi chiamo Wang.
412118	Ik moet mijn haar binnenkort laten knippen.	499802	Fra non molto dovrò farmi tagliare i capelli.
438015	De twee kinderen trokken aan het touw tot het brak.	609358	I due bambini hanno tirato la corda fino a romperla.
438015	De twee kinderen trokken aan het touw tot het brak.	609360	Le due bambine hanno tirato la corda fino a romperla.
640290	De kamer van mijn vader is heel groot.	640292	La stanza di mio padre è molto grande.
642657	Ze heeft een hekel aan wortels.	642659	Odia le carote.
657439	Ik ben de New York Times aan het lezen.	657441	Sto leggendo il New York Times.
665040	Het zijn hun boeken.	665056	Questi sono i suoi libri.
677019	Het is te warm voor mij.	677020	Fa troppo caldo per me.
753124	Ik leef mijn droom.	753126	Vivo il mio sogno.
797845	Ik ben niet gewoon vroeg op te staan.	797852	Non sono abituato a svegliarmi presto.
823220	Ik heb drie honden.	823223	Ho tre cani.
825436	Ik werk voor jullie.	825440	Lavoro per voi.
814054	Wat aardig van u!	826986	Com'è gentile!
827943	Ik weet waar hij woont.	827944	So dove abita.
829288	Ik ben geen kind meer.	829289	Non sono più un bambino.
768414	Ik ben blij u te ontmoeten.	830147	Sono felice di incontrarvi.
706606	Gij zijt een persoon.	837802	Tu sei una persona.
782205	Ik ben kleiner dan jij.	840494	Sono più piccolo di te.
794598	Rood is niet meer in de mode.	840611	Il rosso non è più di moda.
674671	Ik heb een pop gemaakt voor Ana.	841275	Ho fatto una bambola per Anna.
790601	Dat is niet precies wat ik in gedachten had.	842834	Questo non è esattamente quello che avevo in mente.
661395	Ik zal de activiteit volledig meemaken.	843130	Prenderò parte all'attività a tempo pieno.
5962	Ik weet het niet.	843131	Non lo so.
691148	Hebt ge een aansteker?	843994	Ha da accendere?
727943	Mijn vader rijdt met een heel oude auto.	845245	Mio padre guida una macchina molto vecchia.
814013	We zijn niet in de jungle.	845400	Non siamo nella giungla.
848032	New York is een grote stad.	848093	New York è una grande città.
716373	Kom, we gaan!	862128	Vieni, andiamo!
869065	Twee kinderen zitten op een hek.	869073	Due bambini sono seduti sul recinto.
846603	Ze moest haar zus verzorgen.	874112	Ha dovuto prendersi cura di sua sorella.
788806	Ik ga liever dood dan toe te geven.	874115	Preferirei morire piuttosto che cedere.
397066	De batterij is leeg!	878475	La batteria è quasi scarica!
738933	Mijn moeder zette dertien kaarsen op mijn verjaardagstaart.	878525	Mia madre ha messo tredici candeline sulla mia torta di compleanno.
473359	Voor zover ik weet bestaat zo'n woord niet.	884240	Per quanto ne so, non c'è una parola così.
440350	De mens moet werken.	898070	L'uomo deve lavorare.
704837	Ik ben beschaamd over de luiheid van mijn zoon.	899250	Mi vergogno della infingardaggine di mio figlio.
850727	Ik ben erg verbrand.	899282	Ho un brutto colpo di sole.
688879	Het luie vriendje van Beth vroeg haar zijn geschiedeniswerk te maken.	905672	L'amichetto svogliato di Beth le ha chiesto di fargli i compiti di storia.
768356	Ik ben blijven slapen want mijn wekker ging niet af.	908666	Ho continuato a dormire perché la sveglia non ha suonato.
846467	Hij groepeerde de meisjes in drie rijen.	917364	Raggruppò le ragazze in tre file.
714127	Terwijl hij de bus verliet, nam hij luidop afscheid van mij.	918429	Scendendo dall'autobus, mi salutò ad alta voce.
675903	Hij bleef in zijn boek lezen alsof er niets gebeurd was.	922398	Coontinuò a leggere il suo libro come se non fosse successo niente.
377832	Om bij het museum te komen moet je die bus nemen.	929361	Per arrivare al museo deve prendere questo autobus.
414367	Professor Jones zal komend jaar met pensioen gaan.	934415	Il professor Jones andrà in pensione l'anno prossimo.
381292	Na regen komt zonneschijn.	946160	Dopo la pioggia viene il sereno.
738034	Ze kwamen samen rondom het vuur.	946175	Erano riuniti intorno al fuoco.
774620	Ik herinner mij niet waar en wanneer ik u ontmoet heb.	946691	Non mi ricordo quando e dove ti ho incontrato.
846517	De Tweede Wereldoorlog brak uit in 1939.	950248	La Seconda Guerra Mondiale scoppiò nel 1939.
780595	Het grootste deel van het Amazonische regenwoud is nog altijd wild.	954919	Gran parte della giungla amazzonica è ancora selvaggia.
395334	Zelfs deskundigen begrijpen dit ongelofelijke ongeval niet.	954924	Persino gli specialisti non capiscono questo incidente incredibile.
738636	Met andere woorden, ik werk niet graag met hem.	962587	In altre parole, non mi piace lavorare con lui.
916247	Mijn nieuws is niet belangrijk voor diegenen, die zich niet interesseren voor sport.	963947	Le mie novità non sono importanti per quelli che non si interessano di sport.
638442	Heeft u tonijn?	965244	Ha del tonno?
403246	Hij is heel gevoelig.	965718	È molto sensibile.
461060	Je kan hier niet zwemmen.	969551	Non potete nuotare qui.
975410	Laten we twee flessen bestellen.	975419	Ordiniamo due bottiglie.
385397	Zoals iemand leeft, zo zal hij ook sterven.	976981	Come un uomo vive, così muore.
415055	Italië is een mooi land.	977453	L'Italia è una bella terra.
833412	Tom kan voetballen.	978806	Tom sa giocare a calcio.
409728	Ik heb geen kleingeld bij me.	979782	Non ho spicci.
417295	Na de winter komt de lente.	980168	Dopo l'inverno viene la primavera.
421695	Ik heb zelf ook al een paar keer parkeerboetes betaald.	980172	Anch'io ho già pagato qualche volta multe per divieto di parcheggio.
414561	Ik heb gezworen nooit meer tegen haar te praten.	980174	Ho giurato che non le avrei mai più parlato.
674603	Kom niet aan de bloemen.	984959	Non toccare i fiori.
822326	Het was een warme dag.	988470	Era una giornata calda.
797756	Men moet ook naar de andere kant luisteren.	990302	Si ascolti anche l'altra parte.
448509	Heb je al een baard?	997525	Hai già la barba?
402916	Deel mijn paraplu alsjeblieft.	997681	Venga sotto il mio ombrello, prego.
846582	Ik kan me zijn naam niet herinneren.	997702	Non riesco a ricordarmi il suo nome.
462353	Zet de radio een beetje harder.	999574	Alza un po' il volume della radio.
737794	Kom alstublieft morgen om mij te zien.	999886	Per favore, venga a vedermi domani.
664474	Walvissen voeden zich met plankton en kleine vissen.	1000932	Le balene si nutrono di plankton e piccoli pesci.
419159	Wat hij me zei, liet me schrikken.	1002515	Quello che disse allora mi sconvolse.
874447	Een minuut is zestig seconden.	1002601	In un minuto ci sono sessanta secondi.
604934	Waar was je in het laatste weekeinde?	1003703	Dove sei stato la settimana scorsa?
795932	De bomen zijn groen.	1005057	Gli alberi sono verdi.
440365	Het Frans wordt gesproken in Frankrijk en hier en daar in Italië.	1005631	Il francese è parlato in Francia e in qualche zona in Italia.
671400	Het geld op tafel is niet van mij.	1005889	Il denaro sul tavolo non è il mio.
664456	Ik ben daar dikwijls geweest.	1006662	Sono stato lì spesso.
783923	Hij gritste de brief uit mijn hand.	1008282	Mi strappò la lettera dalla mano.
701056	Hij bracht mij een koffie, hoewel ik thee besteld had.	1010724	Mi portò un caffè, sebbene avessi ordinato un tè.
1012814	Op 25 januari zal hij terugkomen.	1012815	Tornerà il 25 gennaio.
415461	Ik heb Jane verteld hoe ze naar onze school kon komen.	1012850	Ho detto a Jane come arrivare alla nostra scuola.
1018459	We wonen in de buurt van een grote bibliotheek.	1018460	Abitiamo vicino ad una biblioteca grande.
846685	Het is waar dat ze jong is, maar ze is wijs.	1020365	È vero che è giovane, ma è anche saggia.
797730	Wat betekent dat?	1022589	Che cosa significa questo?
1023426	Ik ben rijst aan het eten.	1023431	Sto mangiando del riso.
726587	Wilt ge vlees lang bewaren, vries het dan in.	1032579	Se vuoi conservare la carne a lungo, congelala.
1020937	Ik ben van niets bang.	1035764	Non ho paura di niente.
863406	Ge ziet er zo gezond uit als altijd.	1038803	Sembrate essere in salute come sempre.
384738	Joko is de aanvoerder van de volleybalploeg.	1061229	Yoko è il capitano della squadra di pallavolo.
815456	Je kunt de Engelse taal gebruiken in de meeste hotels in de wereld.	1062139	Puoi usare l'inglese nella maggior parte degli hotel del mondo.
857148	Was haar verhaal waar?	1062247	Il suo racconto era vero?
857148	Was haar verhaal waar?	1062248	Era vera la sua storia?
810380	Zijn verhaal is raar, maar geloofwaardig.	1062272	La sua storia è strana, ma credibile.
1063530	Waar zijn de appels?	1063534	Dove sono le mele?
1084722	De honden zijn in de tuin.	1084723	I cani sono nel giardino.
688504	Deze is beter.	1086032	Quello è meglio.
382074	Alles wat is uitgevonden, is waar.	1086041	Ogni cosa inventata è vera.
850676	Ik heb broers.	1090316	Ho fratelli.
723736	Er is geen binnenweg naar boven, alleen naar beneden.	1099796	Non ci sono scorciatoie verso l'alto, solo verso il basso.
693325	Ik heb wat melk gedronken en de rest in de koelkast bewaard.	1099797	Bevvi un parte del latte e conservai il resto in frigorifero.
804742	Ik ben blij u te leren kennen.	1100245	Sono contento di fare la vostra conoscenza.
704273	Mijn dochter wil een piano.	1100432	Mia figlia vuole un piano.
773758	Aanslagen hebben nooit de wereldgeschiedenis veranderd.	1101605	Gli attentati non hanno mai cambiato la storia mondiale.
1020849	Ze kon haar dochter er niet van weerhouden om uit te gaan.	1103534	Non ha potuto impedire a sua figlia di uscire.
731652	Ik was het niet, commissaris!	1103706	Non ero io, commissario!
526610	Ik ben niet van gisteren.	1104455	Non sono nato ieri!
952032	Hij weet veel over wilde dieren.	1108941	Sa molte cose sulle bestie selvagge.
761609	Is dat een sneltrein?	1111444	Quello è un treno rapido?
377379	"Aha!" zullen ze zeggen.	1115095	"Aha!" dissero loro.
419055	Zijn hele familie werkt op een boerderij.	1115648	Tutta la sua famiglia lavora in una fattoria.
659479	Ik zie graag heldere kleuren.	1135791	Mi piacciono i colori chiari.
858008	Dit is goed vlees.	1168028	Questa è carne buona.
924327	Ik heb zijn telefoonnummer genoteerd.	1169960	Ho annotato il suo numero di telefono.
924327	Ik heb zijn telefoonnummer genoteerd.	1169962	Mi sono segnato il suo numero di telefono.
812782	Herinnert gij u nog de voornaam van uw grootmoeder?- Neen, ik noemde haar altijd gewoon oma.	1170136	Ricordi ancora il nome di tua nonna? - No, l'ho sempre chiamata nonnina.
734075	Ik zou u graag zien voor ik naar Europa vertrek.	1187858	Mi piacerebbe vederti prima di lasciare l'Europa.
873230	Enkel diegenen die het risico nemen om te ver te gaan, weten tot hoever ze mogen gaan.	1187892	Solo quelli che si arrischieranno ad andare troppo oltre sapranno fino a dove si può andare.
632616	Alle vrouwen zijn mooi, maar enkele zijn mooier.	1194480	Tutte le donne sono belle, ma alcune di più.
963688	Wie zal dan voor uw kat zorgen?	1197284	Chi si occuperà del tuo gatto in quel caso?
473328	Zijn ideeën hebben hem nooit een cent opgebracht.	1200978	Le sue idee non gli hanno mai reso una lira.
423288	Hij woont in de buurt van de school.	1214829	Abita vicino alla scuola.
549280	Ik maak me niet al te druk over mijn cv.	1242405	Non mi preoccupo granché per il mio curriculum.
874432	Hij kookt graag voor zijn gezin.	1257070	Gli piace cucinare per la sua famiglia.
383971	"Ik heb haar vijf dagen geleden gezien," zei hij.	1269681	"L'ho vista cinque giorni fa", disse lui.
842208	Het eten is hier niet bijster goed.	1271181	Il cibo qui non è molto buono.
911323	Ik ben te voet gekomen door China.	1282652	Sono venuto a piedi attraverso la Cina.
844783	Ik vind het jammer dat ik je niet kan helpen.	1282672	Mi dispiace di non poterti aiutare.
1341542	Wie heeft de Bijbel geschreven?	1341546	Chi ha scritto la Bibbia?
1354466	Ik wilde een bus huren.	1354470	Volevo noleggiare un autobus.
1399665	De grens is dicht.	1399671	La frontiera è chiusa.
1399911	Mijn oom heeft een huis in Italië.	1399913	Mio zio ha una casa in Italia.
702080	Waar is de ingang?	1458201	Dov'è l'entrata?
821194	Kun je 6 aftrekken van 10?	1459321	Sai sottrarre 6 da 10?
1475768	Heb je een hobby?	1475769	Hai un hobby?
1545690	Waarom kan ik niet zingen zoals zij?	1545696	Perché non posso cantare come loro?
740173	Voor mij is dat belangrijk.	1602259	Per me è importante.
1564745	Kan ik eten?	1603211	Posso mangiare?
997013	Ik ben vandaag in Tokyo.	1709912	Sono a Tokio oggi.
836067	Dat liedje klinkt mij bekend in de oren.	1721931	Quella canzone mi suona familiare.
1869152	Ik heb een duidelijk bewijs.	1869222	Io ho una prova evidente.
1866641	Dit is het beslissende moment. Het is nu of nooit.	1869229	Questo è il momento decisivo. Ora o mai più.
1866474	Het feest eindigde om negen uur.	1888920	La festa è finita alle nove.
411175	Een dichter kan alles overleven, behalve een drukfout.	2028830	Un poeta può sopravvivere a tutto tranne che ad un errore di stampa.
736244	Hij is heel discreet over zijn gezinsleven.	2029004	È molto riservato su ciò che riguarda la sua vita in famiglia.
704752	Hou op met uw vader te storen.	2042316	Smettila di disturbare tuo padre!
714190	Ik eet graag watermeloen.	2133052	Mangio volentieri l'anguria.
714191	Zijt ge dokter?	2133053	Tu sei medico?
714191	Zijt ge dokter?	2133054	Lei è medico?
792303	De derde straat rechts.	2143660	La terza strada a destra.
403249	Hij is niet langer dan ik.	2324029	Non è più grande di me.
1552249	Spreek je geen Engels?	2499765	Non parli inglese?
701081	Mij droom is honkbalspeler te worden.	2499768	Il mio sogno è diventare un giocatore di baseball.
1480375	Zijn moeder is een brief aan het schrijven.	2670198	Sua madre sta scrivendo una lettera.
2731268	We moeten een knoop doorhakken over de implementatie van het project.	2731284	Dobbiamo prendere una decisione circa la realizzazione del progetto.
2735542	Waarom sta je op voordat je wakker wordt?	2735551	Perché ti alzi prima che ti svegli?
3237399	Wij danken het publiek voor de aandacht.	3241073	Ringraziamo l'attenzione del pubblico.
3241631	Saturnus verslond zijn kinderen.	3241636	Saturno ha divorato i suoi figli.
3241640	Hij werd door een tijger verslonden.	3241719	Egli è stato mangiato da una tigre.
4472306	Het apparaat is wonderlijk eenvoudig te bedienen.	4472312	L'apparecchio è estremamente facile da usare.
3524297	Deze stoelen staan in de weg.	4484623	Queste sedie ostacolano il passaggio.
2817832	Het is een van de grootste taboes van onze tijd.	4537189	È uno dei più grandi tabù del nostro tempo.
4535094	Daar is de Seine en hier is de brug.	4537193	Là c'è la Senna e qui c'è il ponte.
3498307	Zonder jou gaat alles hier bergaf.	4572977	Senza di te qui tutto va a rotoli.
3542760	Hij spreekt zonder accent.	4585502	Parla senza accento.
381278	Haastige spoed is zelden goed.	4746820	La fretta fa i gattini ciechi.
4448627	Koop vier grote aardappelen voor me.	4967801	Comprami 4 grandi patate.
2330252	Ik zie een licht.	6066673	Vedo una luce.
2152663	Het was middernacht.	7745539	Era mezzanotte.
6284200	Hij is aangekomen.	7849362	È arrivato.
8352155	's Nachts werken ze niet.	8352160	Non lavorano di notte.
8378709	Onze zoon woont in München.	8378710	Nostro figlio abita a Monaco di Baviera.
8378709	Onze zoon woont in München.	8378711	Nostro figlio abita a Monaco.
8387281	Mijn tanden zijn wit.	8387284	I miei denti sono bianchi.
8444209	Ik heb de app verwijderd.	8444214	Ho eliminato l'app.
8480074	Hij heeft een vraag.	8480082	Lui ha una domanda.
8480074	Hij heeft een vraag.	8480088	Ha una domanda.
8480157	Ze heeft een vraag.	8480173	Lei ha una domanda.
7627675	Ufo staat voor "unidentified flying object".	10836641	UFO sta per "unidentified flying object".
7627675	Ufo staat voor "unidentified flying object".	10836642	OVNI sta per "oggetto volante non identificato".
795989	Ik betaal met mijn Visa-kaart.	11604351	Pago con la mia carta Visa.
10981041	In Frankrijk spreekt men Frans.	11896087	In Francia si parla il francese.
11922816	Mijn hart is gebroken.	11922824	Il mio cuore è spezzato.
12151539	Maria is jong en naïef.	12151540	Maria è giovane e ingenua.
12406188	Kati Wolf is een goede zangeres.	12406293	Kati Wolf è una buona cantante.
12547019	Alles wat ons niet doodt, maakt ons sterker.	12547036	Tutto quello che non ci uccide ci rende più forti.
13027107	De Angelen waren een Germaans volk uit het noorden van Europa dat in de vroege middeleeuwen naar Groot-Brittannië verhuisde.	13027131	Gli Angli erano un popolo germanico proveniente dall'Europa settentrionale che si trasferì in Gran Bretagna nell'alto Medioevo.
13229817	Egypte is een geschenk van de Nijl.	13229818	L'Egitto è un dono del Nilo.
13337905	Koeien zijn zoogdieren.	13337928	Le mucche sono mammiferi.
13337731	De mens is een zoogdier.	13337980	L'uomo è un mammifero.
