509791	Hej.	373338	Hallo.
375873	Varför?	375869	Waarom?
376073	Vad gör du?	376069	Wat ben je aan het doen?
1518702	Frankrike ligger i Västeuropa.	377421	Frankrijk ligt in West-Europa.
491081	Jag vet inte vad det är.	377494	Ik weet niet wat dat is.
13025533	Välkommen till Japan.	377788	Welkom in Japan.
372634	Jag har tappat min plånbok.	377808	Ik heb mijn portemonnee verloren.
372619	Det är kallt.	377837	Het is koud.
372620	Det regnar.	377838	Het regent.
372622	Glöm inte biljetten.	377839	Vergeet het kaartje niet.
4039030	Bra fråga.	377856	Goeie vraag.
372623	Minns du det?	377861	Weet je nog?
372624	Vad är det som saknas?	377864	Wat ontbreekt er?
372627	Det är varmt idag.	377889	Het is heet vandaag.
372629	Nu är jag på flygplatsen.	377897	Ik ben nu op het vliegveld.
372630	Ingenting saknas.	377899	Er ontbreekt niets.
372631	Föräldrar älskar sina barn.	377900	Ouders houden van hun kinderen.
372633	Visa mig ett annat exempel.	377908	Laat me nog eens een voorbeeld zien.
1435237	I morgon är det jul.	377935	Morgen is het Kerstmis.
1988288	Frukosten är färdig.	377981	Het ontbijt is klaar.
1987456	Vilken stor hund!	378014	Wat een grote hond!
12246198	Äpplet faller inte långt från trädet.	378342	De appel valt niet ver van de boom.
1975233	Jag tjänar 100 euro om dagen.	378721	Ik verdien €100 per dag.
4163851	Jag tycker om lasagne.	378782	Ik hou van lasagne.
372476	Nederländskan är nära besläktad med tyskan.	378796	Nederlands is nauw verwant aan Duits.
12219499	Han talar också ryska.	378804	Hij spreekt ook Russisch.
12219501	Han pratar också ryska.	378804	Hij spreekt ook Russisch.
2004034	Tiden flyger.	379274	De tijd vliegt.
1831249	Var är toaletten?	379481	Waar is het toilet?
397490	Tack!	379492	Bedankt!
397490	Tack!	379493	Dank u wel!
397490	Tack!	379498	Dank je wel!
1990418	Ge mig en flaska vin.	380697	Geef me een fles wijn.
892738	Kunskap är makt.	381321	Kennis is macht.
651231	Jag heter Jack.	382081	Ik heet Jack.
6619857	Du har rätt.	382099	Je hebt gelijk.
849443	God morgon.	382118	Goedemorgen!
3555000	God morgon!	382118	Goedemorgen!
3555004	Gomorron!	382118	Goedemorgen!
1959796	Ett, två, tre, fyra, fem, sex, sju, åtta, nio, tio.	382286	Een, twee, drie, vier, vijf, zes, zeven, acht, negen, tien.
3840548	En, två, tre, fyra, fem, sex, sju, åtta, nio, tio.	382286	Een, twee, drie, vier, vijf, zes, zeven, acht, negen, tien.
372473	Jag förstår inte tyska.	384959	Ik versta geen Duits.
1359513	Jag vill sända detta paket till Kanada.	384991	Ik wil graag dit pakketje naar Canada sturen.
12258976	God kväll.	387595	Goedenavond.
7895292	Mary är intresserad av politik.	388677	Mary is geïnteresseerd in politiek.
495186	Är du inte trött?	393525	Ben je niet moe?
409714	Nederländerna är ett litet land.	393872	Nederland is een klein land.
1987509	Sommaren är över.	394919	De zomer is voorbij.
2086461	Giraffer har mycket långa halsar.	395226	Giraffes hebben heel lange nekken.
12281941	Nej tack.	397065	Nee, bedankt.
1804245	Var bor du?	397296	Waar woon je?
372477	Pratar du japanska?	399600	Spreek je Japans?
493908	Vi behöver pengar.	406434	We hebben geld nodig.
12310943	Jag gillar baklava.	408145	Ik hou van baklava.
12247894	I morgon är det söndag.	409421	Morgen is het zondag.
12305544	Det är inte sant.	409729	Dat is niet waar.
10777214	Mitt hus är stort.	415051	Mijn huis is groot.
677001	Han bor i Kyoto.	419180	Hij woont in Kioto.
3044814	Mina ögon är blåa.	422360	Mijn ogen zijn blauw.
3053271	Mina ögon är blå.	422360	Mijn ogen zijn blauw.
1259088	Lätt fånget, lätt förgånget.	422936	Zo gewonnen, zo geronnen.
10777216	Jag reparerar huset.	423309	Ik repareer het huis.
12295479	Jorden är rund.	438053	De aarde is rond.
1610588	Min bror är inte så stor som jag.	444520	Mijn broer is net zo groot als ik.
8408753	Den här stolen är mycket bekväm.	444648	Deze stoel is heel comfortabel.
1610587	Maria har långt hår.	445005	Maria heeft lang haar.
1990597	Kan du komma?	445507	Kan je komen?
1989919	Vad vill du?	445742	Wat wil je?
1126407	Min son tror på jultomten.	445803	Mijn zoon gelooft in de Kerstman.
1031804	Jag är kines.	446600	Ik ben Chinees.
1583121	Min moster har tre barn.	446607	Mijn tante heeft drie kinderen.
3845269	Jag har en katt och en hund.	448475	Ik heb een kat en een hond.
372475	Tyskan är inte ett lätt språk.	448710	Duits is geen makkelijke taal.
3720245	Tyska är inte ett enkelt språk.	448710	Duits is geen makkelijke taal.
12261139	Kvällsmaten är klar.	450296	Het avondeten is klaar.
3811965	Jag kommer från England.	450304	Ik kom uit Engeland.
1972808	Jag är ung.	452705	Ik ben jong.
5877848	Trier är Tysklands äldsta stad.	455150	Trier is de oudste stad van Duitsland.
2005642	Hur går det?	455175	Hoe gaat het?
1960227	Du är en idiot.	462129	Jij bent een idioot.
1968671	Grekiska är inget enkelt språk.	462242	Grieks is geen gemakkelijke taal.
1968672	Grekiska är inget lätt språk.	462242	Grieks is geen gemakkelijke taal.
5144630	Min vän lär sig koreanska.	473331	Mijn vriend leert Koreaans.
12246655	Amsterdam är Nederländernas huvudstad.	526608	Amsterdam is de hoofdstad van Nederland.
509791	Hej.	537888	Hoi.
10777221	Det här huset är berömt.	540528	Dit huis is beroemd.
10777223	Detta hus är berömt.	540528	Dit huis is beroemd.
10777226	Det här är hans hus.	540530	Dit is zijn huis.
10777227	Detta är hans hus.	540530	Dit is zijn huis.
1990263	Jag också.	540567	Ik ook.
4076013	Han jobbar på banken.	555005	Hij werkt bij een bank.
2508241	Jag har ont i ögonen.	565271	Ik heb pijn aan mijn ogen.
8754847	Jag är en hjälte.	568359	Ik ben een held.
2508243	Korta kjolar är inte på modet längre.	575403	Korte rokken zijn niet meer in de mode.
2508244	Amerika har olja i överflöd.	578509	Amerika heeft petroleum in overvloed.
2508245	Det ligger en bok på bordet.	580504	Er ligt een boek op tafel.
1126139	Jag har ont i fötterna.	584323	Mijn voeten doen pijn.
4343622	Jag har en stor familj.	586918	Ik heb een grote familie.
4343622	Jag har en stor familj.	586919	Ik heb een groot gezin.
491519	En flicka ringde mig.	592256	Een meisje belde me op.
849666	De byggde en bro.	596611	Zij bouwden een brug.
2125947	Det här är min bil.	597217	Dit is mijn auto.
4025771	Jag har många böcker.	598707	Ik heb veel boeken.
999068	Jag kommer från Norge.	601547	Ik kom uit Noorwegen.
12241047	Det har jag aldrig sagt!	607484	Dat heb ik nooit gezegd!
3790849	Han pratar också franska.	608574	Hij spreekt ook Frans.
3790851	Han talar också franska.	608574	Hij spreekt ook Frans.
4334576	Rita en cirkel.	610065	Teken een cirkel.
4947187	Vi vill ha fullständiga meningar.	614364	We willen volledige zinnen.
3436259	Ut med dig!	623566	Scheer je weg!
12290442	Var är busshållplatsen?	631512	Waar is de bushalte?
12260443	Jag har tappat bort min nyckel.	637451	Ik heb mijn sleutel verloren.
12220909	Jag bor nu i Kyoto.	642629	Ik woon nu in Kyoto.
11199652	Min fru är vegetarian.	644854	Mijn vrouw is een vegetariër.
893312	Han är min bror.	644930	Hij is mijn broer.
2126005	Fåglarna flyger.	645389	De vogels vliegen.
653451	Jag älskar min mamma.	651404	Ik hou van mijn moeder.
489442	Han bor med sina föräldrar.	655290	Hij woont bij zijn ouders.
489442	Han bor med sina föräldrar.	655291	Hij woont samen met zijn ouders.
1960455	Jag skriver ett brev.	656890	Ik schrijf een brief.
12296684	Du är en bra kock.	657447	Je bent een goede kok.
661810	Han är en gentleman.	661802	Hij is een heer.
1991658	Vad är detta?	662001	Wat is dit?
2775551	Huvudstaden i Ukraina är Kiev.	662551	De hoofdstad van Oekraïne is Kiev.
2266752	Vi spelar ofta schack.	668038	Wij spelen dikwijls schaak.
12234835	Han är fransman.	674396	Hij is Fransman.
1433511	Tack för informationen.	674997	Bedankt voor de inlichting.
677003	Hon bor i Kyoto.	676997	Ze woont in Kyoto.
926200	Var är chefen?	677027	Waar is de baas?
4378318	Spindlar spinner nät.	679021	Spinnen bouwen webben.
4156714	Jag bor i Tokyo.	679330	Ik woon in Tokio.
12997629	Staten, det är jag!	684510	De staat, dat ben ik!
2669009	Öga för öga, tand för tand.	688462	Oog om oog, tand om tand.
1973052	Han kysste mig på pannan.	688910	Hij kuste mij op mijn voorhoofd.
1138544	Fåglar flyger.	689595	Vogels vliegen.
1996401	Jag är nöjd.	691039	Ik ben tevreden.
410161	Jag har en katt och en hund. Katten är svart och hunden är vit.	693149	Ik heb een kat en een hond. De kat is zwart, en de hond wit.
11526273	Hej!	693245	Dag!
12399150	Vatten kokar vid 100 grader Celsius.	698111	Water kookt bij 100 graden Celsius.
904384	Snart är det vår.	699060	De lente komt eraan.
1666445	Talar du klingonska?	699479	Spreekt gij Klingon?
9258365	Skeppet är nu i hamnen.	701000	Het schip is nu in de haven.
3862316	Väckarklockan ringer.	701381	De wekker loopt af.
891692	Vi är människor.	702009	Wij zijn mensen.
3011686	Kaffet är kallt.	702017	De koffie is koud.
1458214	Var är ingången?	702080	Waar is de ingang?
2029364	En katt är inte en person.	702110	Een kat is geen mens.
8419285	Jag är intresserad av musik.	702146	Ik ben geïnteresseerd in muziek.
12432015	Man är aldrig för gammal för att lära.	703990	Men is nooit te oud om te leren.
4335962	Apor är intelligenta.	704076	Apen zijn intelligent.
1962092	Wikipedia är den bästa encyklopedin på nätet.	714702	Wikipedia is de beste encyclopedie op internet.
11509215	Den här butiken säljer tidningar och tidskrifter.	717709	Deze winkel verkoopt kranten en tijdschriften.
3436265	Jag har ont i halsen.	721961	Ik heb pijn aan mijn keel.
409705	Min fru hatar katter.	723663	Mijn vrouw haat katten.
372484	Min hund är vit.	723718	Mijn hond is wit.
9289586	Han är ung men erfaren.	725423	Hij is jong, maar ervaren.
9172564	”Hon gillar musik.” ”Jag med.”	726504	"Zij houdt van muziek." "Ik ook."
1435175	Efter oss syndafloden.	735761	Na ons de zondvloed.
964399	Min åsikt skiljer sig från din.	737806	Mijn gedacht is niet hetzelfde als dat van u.
1602261	För mig är det viktigt.	740173	Voor mij is dat belangrijk.
12300481	Varför är snön vit?	748637	Waarom is sneeuw wit?
1068429	Han beskrev i detalj vad som hade hänt.	750852	Hij heeft uitgebreid beschreven wat er gebeurd is.
1068436	För tillfället har jag inte nog med pengar.	750862	Ik heb niet genoeg geld voor het ogenblik.
1068443	Jag skrev ner hans namn för att jag inte skulle glömma det.	750872	Ik heb zijn naam genoteerd om hem niet te vergeten.
751074	Jag heter Hopkins.	751070	Ik heet Hopkins.
1068448	När Marko kom, sov jag.	752004	Toen Marko kwam, sliep ik.
1068451	Bob har flera böcker i sitt rum.	752008	Bob heeft veel boeken in zijn kamer.
1068454	Nästa gång jag kommer på besök tar jag med mig blommor.	752021	Bij het volgende bezoek zal ik bloemen meebrengen.
7881212	Jag har en hund.	755339	Ik heb een hond.
1990604	Han har en bil.	760065	Hij heeft een auto.
1752440	Vad betyder ”Tatoeba”?	764586	Wat betekent "Tatoeba"?
765033	Skål!	765034	Proost!
10937191	Han gillar äventyr.	768329	Hij houdt van avontuur.
1991639	Hon undviker mig.	774462	Ze ontwijkt mij.
11854477	Var är vodkan?	781583	Waar is de wodka?
2266778	Vem upptäckte Amerika?	782414	Wie heeft Amerika ontdekt?
9990606	Jag gav honom min adress.	784597	Ik gaf hem mijn adres.
1125898	Du får skriva på vilket språk du vill. På Tatoeba är alla språk likvärdiga.	785724	Je mag schrijven in de taal die je verkiest. In Tatoeba zijn alle talen gelijkwaardig.
2085319	Tom är min vän.	788063	Tom is mijn vriend.
12236566	Vilken vacker dag!	791784	Wat een mooie dag!
1005041	Träden är gröna.	795932	De bomen zijn groen.
4089567	Låt oss fatta oss kort.	796718	Laat het ons kort houden.
2508240	Jag har en lön på 300.000 yen per månad.	796766	Ik heb een salaris van 300.000 yen per maand.
1962874	Jag minns inte hans förklaring.	809131	Ik kan mij zijn uitleg niet herinneren.
3149692	Amerika är mycket stort.	810511	Amerika is heel groot.
822663	Godmorgon, Mike.	815487	Goedemorgen, Mike.
3744483	God morgon, Mike.	815487	Goedemorgen, Mike.
509791	Hej.	820063	Dag.
478747	Ja.	820235	Ja.
12239001	Jag gav honom en örfil.	821296	Ik gaf hem een oorvijg.
2269413	Han spelade piano.	821314	Hij speelde piano.
3841183	Pengar växer inte på träd.	821983	Het geld groeit niet op mijn rug!
1131172	Jag hatar dig.	827306	Ik haat je.
12245012	Paris är huvudstaden i Frankrike.	840010	Parijs is de hoofdstad van Frankrijk.
841973	Jag har ingen katt.	841986	Ik heb geen kat.
4690611	Jag har bott her sedan 1990.	842560	Ik woon hier sinds 1990.
7889411	Igår var det söndag.	844790	Gisteren was het zondag.
850630	Herr White är ungefär i min ålder.	846463	Meneer White is ongeveer van mijn leeftijd.
5886350	Död?	847674	Dood?
2654843	Talar du arabiska?	847893	Spreek je Arabisch?
12218258	Pratar du arabiska?	847893	Spreek je Arabisch?
848095	New York är en stor stad.	848032	New York is een grote stad.
2029401	Vi föddes på samma dag.	848895	We zijn op dezelfde dag geboren.
415895	Hur gammal är han?	848947	Hoe oud is hij?
850618	Var är utgången?	850617	Waar is de uitgang?
850622	Kan någon annan svara?	850620	Kan iemand anders antwoorden?
10951898	Jag behöver en läkare.	850658	Ik heb een dokter nodig.
1090317	Jag har bröder.	850676	Ik heb broers.
3742562	Jag har brorsor.	850676	Ik heb broers.
3011670	Riktiga män dricker te.	857960	Echte mannen drinken thee.
1959731	Hej, Tom!	857983	Hallo, Tom.
12240261	Vem är det där?	865025	Wie is dat?
869083	Två barn sitter på staketet.	869065	Twee kinderen zitten op een hek.
12240240	Jag är en världsmedborgare.	879251	Ik ben een wereldburger.
2673961	Vi behöver köpa vinäger.	916236	We moeten azijn kopen.
921416	Magdalena och Ania är goda vänner.	925138	Magdalena en Ania zijn goede vriendinnen.
4824063	Måste jag göra det igen?	925331	Moet ik het opnieuw doen?
12199365	Vad gjorde du med boken?	930676	Wat hebt ge met het boek gedaan?
2113582	Ljug inte.	933531	Lieg niet.
10753390	Vi är grannar.	944632	We zijn buren.
944782	Ursäkta, vad är klockan?	944775	Pardon, hoe laat is het?
1126363	Han är stolt över att vara musiker.	946191	Hij is fier, muzikant te zijn.
10951898	Jag behöver en läkare.	965290	Ik heb een dokter nodig!
1405512	Kärleken är blind.	993584	Liefde is blind.
880605	Jag talar svenska.	999593	Ik spreek Zweeds.
2180636	Jag pratar svenska.	999593	Ik spreek Zweeds.
895267	Det tog mig tre dagar att läsa den här boken.	999597	Het heeft me drie dagen gekost om dit boek te lezen.
9198357	Gapa stort.	1020855	Doe je mond wijd open.
2227060	Jag kan inte finna min flickväns klitoris.	1021296	Ik vind de clitoris niet bij mijn vriendin.
923950	Jag vill studera utomlands.	1021350	Ik wil in het buitenland studeren.
923951	Jag vill plugga utomlands.	1021350	Ik wil in het buitenland studeren.
892571	Är din mor hemma?	1023000	Is je moeder thuis?
1031111	Jag älskar det occitanska språket.	1031110	Ik hou van de Occitaanse taal.
12634844	Te utan is.	1045900	Thee zonder ijs.
1583496	Jag behöver hjälp.	1060553	Ik heb hulp nodig.
1063546	Var är äpplena?	1063530	Waar zijn de appels?
10707685	Han hatar Nancy.	1067511	Hij haat Nancy.
415619	Jag har inga pengar.	1072642	Ik heb geen geld.
1990547	Kaffe eller te?	1089841	Koffie of thee?
409753	Klimatet är behagligt.	1101188	Het klimaat is aangenaam.
3436259	Ut med dig!	1101573	Ga weg!
7895413	Vi är studenter.	1111248	We zijn studenten.
3436259	Ut med dig!	1115428	Weg!
1117474	Hon är stark.	1117469	Ze is sterk.
1117474	Hon är stark.	1117470	Zij is sterk.
10857213	Jag har tappat bort mina nycklar.	1121723	Ik heb mijn sleutels verloren.
2508239	Sluta prata och lyssna.	1259562	Stop met praten en luister.
2508242	Jag läser gärna amerikanska romaner.	1266182	Ik lees graag Amerikaanse romans.
6835501	Papper är vitt.	1306773	Het papier is wit.
4448155	Berlin är Tysklands huvudstad.	1309598	Berlijn is de hoofdstad van Duitsland.
2169763	Varför har koalor ingen navel?	1329736	Waarom hebben koalaberen geen navel?
2169763	Varför har koalor ingen navel?	1329740	Waarom hebben koala's geen navel?
5144539	Hur många språk finns i Europa?	1329752	Hoeveel talen zijn er in Europa?
1433337	Jag har två döttrar.	1344135	Ik heb twee dochters.
1348696	Jag vill dansa.	1348671	Ik wil dansen.
1349535	EU grundas för att få slut på de blodiga krigen mellan grannländerna, som gång på gång hade orsakat så mycket mänskligt lidande och till slut ledde till andra världskriget.	1349537	De Europese integratie is begonnen om een eind te stellen aan de talrijke en bloedige oorlogen tussen buurlanden, die hun hoogtepunt kenden in de Tweede Wereldoorlog.
1349826	Från och med 1950 börjar en rad europeiska länder samarbeta ekonomiskt och politiskt för att bevara freden.	1349829	Sinds 1950 verenigen Europese landen zich economisch en politiek in de Europese Gemeenschap voor Kolen en Staal om te zorgen voor een blijvende vrede.
1349922	1950-talet karakteriseras av ett kallt krig mellan östblocket och västmakterna.	1349938	De jaren 1950 worden overheerst door een koude oorlog tussen Oost en West.
891685	Han är min bror, inte min far.	1354609	Hij is mijn broer, niet mijn vader.
1358354	Han drack öl.	1358332	Hij dronk bier.
1358353	Han drack en öl.	1358334	Hij dronk een biertje.
2332805	Hej! God morgon!	1371083	Hallo! Goedemorgen!
6710660	Grönt är min favoritfärg.	1395860	Groen is mijn lievelingskleur.
12245027	Phoenix är Arizonas huvudstad.	1426864	Phoenix is de hoofdstad van Arizona.
1443435	Jag läste att Brasiliens president är en kvinna. Hon kallas Dilma.	1443421	Ik las dat de president van Brazilië een vrouw is. Ze heet Dilma.
1448103	Jag behöver köpa frimärken.	1448078	Ik moet postzegels kopen.
1411297	Hon läser tidningen varje morgon.	1462207	Ze leest elke morgen de krant.
4338392	Jag bor i Hyogo.	1475908	Ik woon in Hyogo.
3817462	Ingenting händer.	1475981	Er gebeurt niks.
9258341	Fåglar har vingar.	1478039	Vogels hebben vleugels.
2181846	Jag kan inte stoppa blödningen.	1478236	Ik kan het bloeden niet stelpen.
8438623	Det hade snöat.	1478425	Het had gesneeuwd.
8748889	Det regnade.	1479010	Het regende.
1490154	Jag älskar filmer.	1490246	Ik houd van films.
11510602	Jag förlorade 15 sekunder av mitt liv.	1494460	Ik heb 15 seconden van mijn leven verloren.
8386989	Jag ska studera tyska.	1497285	Ik ga Duits studeren.
1998334	Vi måste gå.	1497374	We moeten vertrekken.
3927416	Tom vägrar att arbeta.	1497397	Tom weigert te werken.
1991621	Jag såg ett flygplan.	1501760	Ik zag een vliegtuig.
1129847	Jag är finsk, men jag talar svenska också.	1515692	Ik ben Fin, maar ik spreek ook Zweeds.
409685	Vad skulle världen vara utan kvinnor?	1529077	Wat zou de wereld zonder vrouwen zijn?
4448148	Berlin är en tysk stad.	1532608	Berlijn is een Duitse stad.
1996304	Tvätta ditt ansikte.	1539663	Was je gezicht.
2161569	Vem är din lärare?	1539714	Wie is jouw leraar?
2125935	Alice är min mamma.	1544723	Alice is mijn moeder.
1547498	Var ligger Mississippi?	1547464	Waar is Mississippi?
1547802	Tom är inte här.	1547800	Tom is niet hier.
2512610	Var köpte du biljetten?	1547813	Waar heeft u het ticket gekocht?
1549202	Mari och Maki är systrar.	1549193	Mary en Maki zijn zussen.
8879796	Teet kostar två euro.	1552147	De thee kost twee euro.
1614654	Jag tuggade tuggummi.	1555010	Ik kauwde de gom.
1603208	Får jag äta?	1564745	Kan ik eten?
402085	Lägg tillbaka boken där du fann den.	1576526	Leg het boek terug waar je het gevonden hebt.
8997981	Hon gav honom en örfil.	1590501	Ze gaf hem een oorvijg.
1614660	Jag har inga pengar men jag har drömmar.	1596544	Ik heb geen geld, maar ik heb dromen.
12258530	Vad är Haitis huvudstad?	1607970	Wat is de hoofdstad van Haïti?
11516520	Hur gör man bröd?	1651172	Hoe maakt men brood?
1048536	I begynnelsen skapade Gud himmel och jord.	1678429	In het begin schiep God de hemel en de aarde.
2654800	Det här är en liten bok.	1678459	Dit is een klein boek.
9015025	Jag är från Portugal.	1921108	Ik kom uit Portugal.
11188787	Han lekte med sin katt.	1925677	Hij speelde met zijn kat.
1973046	Jag kysste henne på pannan.	1973064	Ik kuste haar op haar voorhoofd.
12169755	Tjejen gråter.	2086928	Het meisje is aan het huilen.
2125664	Jag har ingen cykel.	2089007	Ik heb geen fiets.
1879282	Jag älskar det norska språket!	2109902	Ik houd van de Noorse taal!
1879282	Jag älskar det norska språket!	2109903	Ik houd van het Noors!
3009242	Jag lär mig turkiska.	2226286	Ik leer Turks.
880566	Lite smör och bröd.	2244028	Een beetje brood en boter.
2271205	Populisterna har vunnit.	2271420	De populisten hebben gewonnen.
12238802	Jag har en bok.	2291457	Ik heb een boek.
8171237	Tom är min bror.	2319681	Tom is mijn broer.
416209	Tom förlöjligar sig alltid över John på grund av hans dialekt.	2324358	Tom spot altijd met John om zijn dialect.
2111047	Låt mig ringa min advokat.	2324360	Laat mij mijn advocaat opbellen.
2085849	Jag har ryggproblem.	2324361	Ik heb rugklachten.
3817848	Hon hade inga pengar.	2330253	Zij had geen geld.
2172481	Låt mig veta när du är klar!	2331132	Laat me weten wanneer je klaar bent!
9933044	Vissa sorters fåglar kan inte flyga.	2332515	Sommige vogelsoorten kunnen niet vliegen.
923621	När fick du konsertbiljetten?	2332897	Wanneer heb je het concertkaartje bemachtigd?
891093	Den är för liten.	2332955	Het is te klein.
891095	Det är för litet.	2332955	Het is te klein.
891414	Peking är större än Rom.	2339270	Peking is groter dan Rome.
895837	Han gräver sin egen grav.	2340548	Hij delft zijn eigen graf.
12257930	Är du hemma?	2350218	Ben je thuis?
1583499	Jag är gammal.	2370179	Ik ben oud.
2502240	Min bror har fångat en stor fisk.	2439131	Mijn broer heeft een grote vis gevangen.
2502239	Har du två böcker?	2439145	Heb je twee boeken?
2502236	Han är rik och mäktig.	2448625	Hij is rijk en machtig.
2502232	Jag vet inte vad jag ska göra nu.	2452224	Ik weet nu niet wat te doen.
2502227	Jag vet var Tom arbetar.	2452902	Ik weet waar Tom werkt.
2502228	Jag vet var Tom jobbar.	2452902	Ik weet waar Tom werkt.
2502208	Atombomber är en fara för mänskligheten.	2459541	Atoombommen zijn een gevaar voor de mensheid.
2502206	Han har ett hjärta av sten.	2459637	Hij heeft een hart van steen.
2502201	Varje elev har tillgång till biblioteket.	2463061	Elke student heeft toegang tot de bibliotheek.
2502190	Jag har två barn.	2467835	Ik heb twee kinderen.
2502184	Jag förlorade allt jag hade.	2476913	Ik verloor alles wat ik had.
2502187	Jag förlorade allt som jag hade.	2476913	Ik verloor alles wat ik had.
2502168	Tom kan köra bil.	2479446	Tom kan autorijden.
2502166	Han är inte lång, men stark.	2479456	Hij is niet groot, maar sterk.
2502158	Nu är han ombord på skeppet.	2486531	Nu is hij op het schip.
2502153	Vad har hon gjort?	2494464	Wat heeft ze gedaan?
2502152	Vad har han gjort?	2494465	Wat heeft hij gedaan?
2504320	Det finns en annan möjlighet också.	2504314	Er is ook nog een andere mogelijkheid.
2086325	Jag är.	2509882	Ik ben.
2535392	Är detta en hingst eller ett sto?	2586931	Is dit een hengst of een merrie?
1583444	Jag är ingen läkare.	2634799	Ik ben geen dokter.
2634726	Jag är inte läkare.	2634799	Ik ben geen dokter.
3717628	Jag kommer från Ryssland.	2671131	Ik kom uit Rusland.
3717630	Jag är från Ryssland.	2671131	Ik kom uit Rusland.
7888780	Jag har aldrig rökt.	2731995	Ik heb nooit gerookt.
12235717	Bordet är grönt.	2772635	De tafel is groen.
2655868	Jag kan leva utan vatten.	2783700	Ik kan leven zonder water.
6293399	Vad var ditt första intryck av London?	2801208	Wat was je eerste indruk van Londen?
5515041	Får jag använda din ordbok?	2801376	Kan ik je woordenboek gebruiken?
1294141	I öknen är sanden billig.	2908134	In de woestijn is zand goedkoop.
2212494	Den svenska vintern är mörk.	2917839	De Zweedse winter is donker.
3011665	Glödlampor förbrukar el.	2949942	Gloeilampen verbruiken elektriciteit.
2113560	Tom är stark.	2967287	Tom is sterk.
12219649	Jag talar inte franska.	2999824	Ik spreek geen Frans.
3013987	Detta är Copacabana!	3013977	Dat is Copacabana!
3081366	Jag har två katter.	3081361	Ik heb twee katten.
2161104	Damaskus ligger i Syrien.	3123996	Damascus ligt in Syrië.
11509307	Vi ska också köpa en flaska rödvin.	3146895	We gaan ook een fles rode wijn kopen.
3772837	Jag har en vän.	3153355	Ik heb een vriend.
3159973	Är du i biblioteket?	3159980	Ben je in de bibliotheek?
3160822	Är du på biblioteket?	3159980	Ben je in de bibliotheek?
12236506	Maria blev glad.	3162444	Mary was blij.
10662764	Han är allergisk mot damm.	3167358	Hij heeft een stofallergie.
3809880	Det har jag inte sagt.	3229542	Dat heb ik niet gezegd.
3301077	Jag har kaffe, te, vatten och färsk fruktjuice.	3253916	Ik heb koffie, thee, water en vers vruchtensap.
2786533	Han begick många synder i sin ungdom.	3261404	Hij beging vele zonden in zijn jeugd.
12244261	Vad heter Senegals huvudstad?	3264354	Hoe heet de hoofdstad van Senegal?
12238872	Jag talar inte estniska.	3274162	Ik spreek geen Estisch.
12238872	Jag talar inte estniska.	3274163	Ik spreek geen Estlands.
12238872	Jag talar inte estniska.	3274164	Ik spreek geen Ests.
4840264	Det är en ordbok.	3284114	Het is een woordenboek.
4442678	Jag talar inte tre språk.	3303297	Ik spreek geen drie talen.
2081964	Min farbror bor i New York City.	3362458	Mijn oom woont in New York.
4171673	Vad frågade Tom?	3373602	Wat vroeg Tom?
5975781	Jag går till stranden.	3379435	Ik ga naar het strand.
2654386	Jag har en katt.	3396766	Ik heb een kat.
11189164	Hon är inte dum.	3408325	Ze is niet dom.
12259722	Jag är emot krig.	3452862	Ik ben tegen oorlog.
3455239	Denna fågel är en sädesärla.	3468356	Deze vogel is een kwikstaart.
3523019	Han talar portugisiska.	3482509	Hij spreekt Portugees.
8592849	Jag har inget att göra.	3532149	Ik heb niets te doen.
1809458	Fattigdom är ingen skam.	3535258	Armoe is geen schande.
893301	Har man sagt A, får man säga B.	3535333	Wie A zegt, moet ook B zeggen.
3085116	Jag har två söner.	3547085	Ik heb twee zonen.
5265571	Klockan är två.	3550548	Het is twee uur.
11510436	Jag förstår din avsmak.	3551946	Ik begrijp je afkeer.
3303126	Han är tandläkare.	3559953	Hij is tandarts.
3553149	Ja, jag förstår. Tack så mycket.	3559973	Ja, ik begrijp het. Dank u zeer.
12295353	Barnen leker med legoklossar.	3559980	De kinderen spelen met Lego-blokjes.
12253904	Jag är inte frisk.	3560072	Ik ben niet gezond.
2654790	Jag bor i Qatar.	3560098	Ik woon in Qatar.
4408974	Den fungerar.	3560101	Het werkt.
12240407	Han är hal som en ål.	3560334	Hij is zo glad als een aal.
1990468	Släpp ut mig!	3565133	Laat me eruit!
1990482	Jag är längre.	3571913	Ik ben groter.
3833451	Ryssland är större än Pluto.	3605648	Rusland is groter dan Pluto.
982299	Är du okej?	3612114	Ben je oké?
2291135	Vem hatar dig?	3614418	Wie haat je?
3925229	Du förtjänar det.	3617823	Je verdient het.
13385350	Klockan är halv fyra.	3626837	Het is half vier.
2263947	Tom dricker inte öl.	3650297	Tom drinkt geen bier.
1666445	Talar du klingonska?	3652436	Spreek jij Klingon?
3661605	Frankrike separeras från Italien av Alperna.	3661924	Frankrijk is van Italië gescheiden door de Alpen.
3665266	Mitt fullständiga namn är Ricardo Vernaut Junior.	3665272	Mijn volledige naam is Ricardo Vernaut Junior.
12402870	Var är Tom?	3697811	Waar is Tom?
7220916	Var bor Tom?	3774288	Waar woont Tom?
12238857	Jag talar inte iriska.	3839097	Ik spreek geen Iers.
3302545	Vintern kommer.	3840806	De winter is in aantocht.
4367515	Tanken är inte ny.	3842349	Het idee is niet nieuw.
4367516	Idén är inte ny.	3842349	Het idee is niet nieuw.
2088383	Tom är miljardär.	3872364	Tom is een miljardair.
9024215	Jag tycker om ost.	3873418	Ik hou van kaas.
10776513	Tom gav inget svar.	3880815	Tom gaf geen antwoord.
3933460	Jag behöver en taxi!	3933452	Ik heb een taxi nodig!
3935489	Grekland är ett gammalt land.	3935493	Griekenland is een oud land.
12238892	Jag talar inte ryska.	3949623	Ik spreek geen Russisch.
4448879	Jag äter en banan.	3959146	Ik eet een banaan.
12221505	Det är råttkött.	3959250	Het is rattenvlees.
12238101	Tom är vegetarian.	3959258	Tom is een vegetariër.
12238102	Tom är inte vegetarian.	3959262	Tom is geen vegetariër.
3982165	Älskar du din mamma?	3982171	Hou je van je moeder?
3982167	Älskar du din mor?	3982171	Hou je van je moeder?
12415875	Ta inte det personligt.	3985370	Neem het niet persoonlijk.
3894297	Det är måndag, du vet.	4002034	Het is maandag, weet je.
2266577	Jag kan inte engelska.	4002248	Ik ken geen Engels.
3747710	Fåglar lägger ägg.	4072582	Vogels leggen eieren.
5892989	Mjau.	4073579	Miauw.
2114770	Tom drömmer.	4193599	Tom droomt.
11526273	Hej!	4201633	Hallo!
3302542	Bilen är gul.	4229436	De auto is geel.
2987542	Jag går till kyrkan.	4229478	Ik ga naar de kerk.
4194191	Kan du hjälpa mig att hitta min hund?	4235445	Kan je mij helpen om mijn hond te vinden?
4194186	Tom går på en promenad varje morgon med sin hund.	4235448	Tom maakt elke morgen een wandeling met zijn hond.
4194139	Är du säker på att du inte vill stanna ett par dagar?	4235453	Weet je zeker dat je niet een paar dagen wilt blijven?
4193963	Hur står det till idag?	4235455	Hoe gaat het vandaag?
4193850	Hur ofta cyklar du?	4235459	Hoe vaak fiets jij?
742908	Hur gammal är du egentligen?	4235463	Hoe oud ben jij eigenlijk?
3085116	Jag har två söner.	4247763	Ik heb twee zoons.
4256146	Välkommen till Wikipedia.	4256189	Welkom op Wikipedia.
4256774	Vi kan!	4256776	Wij kunnen!
4256774	Vi kan!	4256777	We kunnen!
2280678	Jag måste hjälpa honom.	4269734	Ik moet hem helpen.
849443	God morgon.	4328689	Goedemorgen.
3555000	God morgon!	4328689	Goedemorgen.
2015040	Vad är min belöning?	4350138	Wat is mijn prijs?
4316996	Ta några dagar ledigt.	4359287	Neem een paar dagen vrij.
4347123	Jag kan förstå dig.	4359754	Ik kan je begrijpen.
11234469	Denna fisk stinker.	4364626	Deze vis stinkt.
4317364	Är du säker, Tom?	4451387	Weet je het zeker, Tom?
2049565	Behöver vi en plan B?	4460245	Hebben we een plan B nodig?
12302273	Sådan far, sådan son.	4466867	Zo de vader, zo de zoon.
2738197	Verkligen?	4491453	Echt waar?
4920341	Jag ser månen och stjärnorna.	4510430	Ik zie de maan en de sterren.
2086341	Hur gammal är din farfar?	4516469	Hoe oud is je opa?
2086341	Hur gammal är din farfar?	4516470	Hoe oud is je grootvader?
4543729	Mitt telefonnummer är 98 76 54 32.	4543727	Mijn telefoonnummer is 9876-5432.
2654019	Europa är en kontinent.	4547358	Europa is een continent.
3809280	Jag bor i Malaysia.	4548958	Ik woon in Maleisië.
1126474	Hjälp mig!	4571518	Help me.
10764990	Hjälp mig.	4571518	Help me.
12392485	Hur gammal är Tom?	4618729	Hoe oud is Tom?
3742773	Flickan är ensam.	4620236	Het meisje is eenzaam.
7895332	Idag är det den femte mars.	4627803	Vandaag is het vijf maart.
3096708	Melanie gillar musik.	4640276	Melanie houdt van muziek.
4424125	Är du vegetarian eller vegan?	4644443	Ben je vegetariër of veganist?
4378331	De hatar spindlar.	4645478	Zij haten spinnen.
2114776	Tom äter.	4668482	Tom eet.
921611	Hon böjde sig ner.	4668496	Ze bukte zich.
3745241	Hon böjde sig ned.	4668496	Ze bukte zich.
12260192	Boken är röd.	4687352	Het boek is rood.
4333634	Det här är dåligt för miljön.	4698122	Dat tast het milieu aan.
11512567	Hon måste äta.	4700168	Ze moet eten.
6780142	Alla drömmer.	4707826	Iedereen droomt.
3829827	Han kommer inte att stanna mer är fyra dagar.	4721642	Hij zal niet langer dan vier dagen blijven.
3829829	Han kommer inte att stanna i mer än fyra dagar.	4721642	Hij zal niet langer dan vier dagen blijven.
7881209	Han talar inte engelska.	4722799	Hij spreekt geen Engels.
2228107	Jag älskar Kalifornien.	4757445	Ik hou van Californië.
8756512	Mitt namn är Tom.	4759136	Mijn naam is Tom.
3574511	Jag har en son.	4770610	Ik heb een zoon.
1583686	Jag sjunger nu.	4772385	Ik zing nu.
1996621	Varna Tom.	4803065	Waarschuw Tom.
4343506	Du har missförstått det hela.	4829489	Je hebt alles verkeerd begrepen.
9987160	Måndag, tisdag, onsdag, torsdag, fredag, lördag och söndag är de sju veckodagarna.	4834432	Maandag, dinsdag, woensdag, donderdag, vrijdag, zaterdag en zondag zijn de zeven dagen van de week.
12221725	Mitt namn är inte Tom.	4915229	Mijn naam is niet Tom.
4384315	Spelar du tennis?	4963848	Speel je tennis?
3848868	Jag heter Tom.	4979987	Ik heet Tom.
4328447	Ner med kungen!	5025543	Neer met de koning!
9328300	Han började springa.	5027443	Hij begon te rennen.
2701210	Så du ska ingenstans imorgon?	5098134	Dus je gaat nergens heen morgen?
3841085	Vilka vill du prata med?	5098136	Met wie wil je praten?
4328496	Vi har bara två dollar.	5098137	We hebben maar twee dollar.
4451168	Vi är bättre än de.	5098139	Wij zijn beter dan zij.
2144217	Får jag besvära Er med en anhållan?	5098140	Mag ik je lastigvallen met een verzoek?
3833843	Tom älskar henne.	5098142	Tom houdt van haar.
4063413	Det finns inget dåligt väder, bara dåliga kläder.	5098143	Er is geen slecht weer, alleen maar slechte kleding.
4170082	Riga är huvudstaden i Lettland.	5098145	Riga is de hoofdstad van Letland.
2151202	Han arbetar som affärsbiträde.	5098146	Hij werkt als winkelbediende.
2239116	Tröjan är ganska töjbar.	5098147	De trui is best wel uitrekbaar.
1603959	Jag kan spela gitarr.	5098148	Ik kan gitaar spelen.
2048977	Tom har kanske rätt.	5098149	Tom heeft misschien gelijk.
4167348	Vi kan inte lita på vad hon säger.	5098150	We kunnen niet vertrouwen op wat ze zegt.
4322710	Hör ni dem?	5098151	Horen jullie ze?
4346774	Den här gamla bilen är din om du vill ha den.	5098152	Deze oude wagen is de jouwe als je hem wilt hebben.
893158	Min mormors sjuksköterska är väldigt snäll.	5098153	Mijn oma's verpleegster is heel erg aardig.
1998210	Var inte oförskämd.	5098155	Wees niet onbeleefd.
2285998	Jag ska spela fotboll efter skolan.	5098157	Ik ga voetbal spelen na school.
4343422	Jason var en tystlåten typ, så det var alltid en överraskning när han sa någonting.	5098158	Jason was een stil typetje, dus het was altijd een verrassing wanneer hij iets zei.
5162062	Var är din bil?	5171572	Waar is je auto?
5144735	Jag har sovit.	5171575	Ik heb geslapen.
2147546	Det är inte alltid lätt att skilja på japaner och kineser.	5309976	Het is niet altijd makkelijk om Japanners en Chinezen uit elkaar te houden.
2864964	Jag talar tyska.	5331881	Ik spreek Duits.
11510588	Du rakar mig nu.	5357146	Jij scheert me nu.
2983729	Öppna fönstret!	5462438	Open het raam!
2983731	Öppna fönstret.	5462438	Open het raam!
2127277	Jag talar lite spanska.	5462992	Ik spreek een beetje Spaans.
5308685	Sköldpaddor har inte tänder.	5670684	Schildpadden hebben geen tanden.
8441247	God eftermiddag!	5774202	Goedemiddag!
12254538	Tom är inte frisk.	5929878	Tom is niet gezond.
4335966	Du ser ut som en apa.	5965756	Je ziet eruit als een aap.
5978180	Vatten är liv.	5978177	Water is leven.
3881267	Jag har en halvbror.	6047083	Ik heb een halfbroer.
2382774	Sover du?	6062933	Slaap je?
2166213	Absolut förbjudet.	6065625	Strikt verboden.
893315	Vilka underbara blommor!	6088664	Wat voor een prachtige bloemen.
3300231	Du ska inte tjuvlyssna.	6103304	Je moet niet luistervinken.
3710168	Skulle du kunna öppna ett fönster?	6111480	Zou u een venster kunnen openen?
1138601	Fåglar sjunger tidigt på morgonen.	6112354	Vogels zingen vroeg in de ochtend.
1433525	Fåglar sjunger tidigt om morgonen.	6112354	Vogels zingen vroeg in de ochtend.
10915662	Vilken vacker soluppgång!	6114840	Wat een prachtige zonsopgang!
2171239	Där erbjöds allsköns aktiviteter.	6116620	Er werden allerlei activiteiten aangeboden.
11526273	Hej!	6117418	Hé!
2634411	Jag brände papperet.	6119389	Ik heb het papier verbrand.
1990635	Det är mitt.	6123116	Dat is van mij.
1990636	Den är min.	6123116	Dat is van mij.
2180670	Hans fru är svenska.	6127590	Zijn vrouw is Zweeds.
2272231	Mary påstod att väskan var en gåva från hennes man.	6127639	Mary beweerde dat haar handtas een cadeau was van haar man.
4344826	Det där måste ha gjort ont.	6129767	Ik wed dat het pijn doet.
4337717	Säljer ni väckarklockor?	6166283	Verkoopt u wekkers?
12238896	Jag talar inte koreanska.	6176911	Ik spreek geen Koreaans.
12247938	I morgon är det måndag.	6179284	Morgen is het maandag.
4144565	Tycker du om kaffe?	6483060	Hou je van koffie?
3005223	Dörren är öppen.	6483063	De deur is open.
1359433	Din dotter är inte längre ett barn.	6606730	Jouw dochter is geen kind meer.
10739797	Jag talar inte ukrainska.	6606805	Ik spreek geen Oekraïens.
2227024	Var är ni?	6621706	Waar zijn jullie?
4158351	Hur många språk kan du tala?	6622905	Hoeveel talen kan je spreken?
4448936	Kan du läsa arabiska?	6622968	Kan je Arabisch lezen?
1992723	Har du ätit?	6622993	Heb je gegeten?
5147573	Jag ser en flicka.	6623021	Ik zie een meisje.
12240309	Tom har en familj.	6626606	Tom heeft een gezin.
6673591	Neymar är brasiliansk.	6673593	Neymar is Braziliaans.
6712589	Vi bor i en vacker stad.	6712551	We wonen in een mooie stad.
6741123	Du gör illa mig.	6767933	Je doet me pijn.
2001553	Var är min bil?	6786775	Waar is mijn auto?
2781161	Jag har en vit katt.	6813147	Ik heb een witte kat.
10149418	Jag äter.	6813160	Ik eet.
5370218	Jag dricker kaffe.	6813167	Ik drink koffie.
12505797	Det här är en sann historia.	6816130	Dit is een waargebeurd verhaal.
6824291	Jag är Ricardo.	6824270	Ik ben Ricardo.
9024229	Var är jordgubbarna?	6826325	Waar zijn de aardbeien?
4336010	Ett glas rödvin, tack.	6839491	Een glaasje rood, alstublieft.
4336010	Ett glas rödvin, tack.	6839492	Een glas rode wijn, alstublieft.
3011673	Teheran ligger i Iran.	6973514	Teheran ligt in Iran.
10706014	Island är en ö.	6977664	IJsland is een eiland.
12359949	Är du rik?	7039608	Ben je rijk?
4360641	Jesus var snickare.	7047502	Jezus was een timmerman.
2113559	Tom är sträng.	7066253	Tom is streng.
4439585	Tom har kurage.	7135513	Tom heeft lef.
7188978	Talar du portugisiska?	7188979	Spreek je Portugees?
3713606	Är ni studenter?	7263424	Zijn jullie studenten?
1964200	Jag vill inte tillbaka.	7263563	Ik wil niet teruggaan.
1990467	Är det gratis?	7303733	Is dat gratis?
1433524	Island hörde till Danmark.	7303831	IJsland behoorde tot Denemarken.
7306062	Jag är den rikaste.	7305924	Ik ben de rijkste.
7344950	Noll, en, två, tre, fyra, fem, sex, sju, åtta, nio, tio.	7321240	Nul, een, twee, drie, vier, vijf, zes, zeven, acht, negen, tien.
773370	Vem är du?	7321540	Wie ben je?
9053755	Tio, elva, tolv, tretton, fjorton, femton, sexton, sjutton, arton, nitton, tjugo.	7321714	Tien, elf, twaalf, dertien, veertien, vijftien, zestien, zeventien, achttien, negentien, twintig.
3836787	Hajar äter fisk.	7322765	Haaien eten vissen.
4448925	Andorra la Vella är huvudstaden i Andorra.	7323041	Andorra la Vella is de hoofdstad van Andorra.
2128173	Andorra är ett litet furstendöme beläget mellan Spanien och Frankrike.	7323045	Andorra is een klein vorstendom gelegen tussen Spanje en Frankrijk.
10705854	Huset är rött.	7327827	Het huis is rood.
10777206	Gå hem!	7336212	Ga naar huis!
8856423	God eftermiddag.	7344197	Goedemiddag.
3807228	God kväll!	7344201	Goedenavond!
12259992	Mitt namn är Andrea.	7344395	Mijn naam is Andrea.
7344970	Det var en fuktig, grå sommardag i slutet av juni.	7344967	Het was een vochtige, grauwe zomerdag eind juni.
2161881	Parkering förbjuden!	7349040	Parkeren verboden!
5886371	Intressant.	7369884	Interessant.
7411820	Jag läser inte.	7411824	Ik lees niet.
7829682	Hon talar tyska.	7432066	Ze spreekt Duits.
12243045	Isbjörnar jagar valrossar.	7447372	IJsberen jagen op walrussen.
12243079	Jag lär mig svenska.	7451628	Ik leer Zweeds.
3642373	Jag lär mig också amhariska.	7452072	Ik leer ook Amhaars.
1785659	Jag lär mig svenska och tyska.	7452106	Ik leer Zweeds en Duits.
12238845	Jag talar inte katalanska.	7452190	Ik spreek geen Catalaans.
9117233	Är det här din öl?	7459679	Is dit jouw bier?
2146297	Hon tycker om vin.	7459751	Zij houdt van wijn.
2146306	Hon gillar vin.	7459751	Zij houdt van wijn.
4353871	Jag behöver en handduk.	7460072	Ik heb een handdoek nodig.
4354234	Jag behöver ett vapen.	7460073	Ik heb een wapen nodig.
4354235	Jag behöver en sekreterare.	7460084	Ik heb een secretaris nodig.
4354235	Jag behöver en sekreterare.	7460086	Ik heb een secretaresse nodig.
4445948	Jag behöver en röd penna.	7460137	Ik heb een rode pen nodig.
12246905	Äter du fisk?	7460353	Eet je vis?
6390915	Var ligger Malta?	7462397	Waar ligt Malta?
12247136	Indien heter ”Bharat” på hindi.	7462460	India wordt "Bharat" genoemd in het Hindi.
12247046	”Zweden” heter Sverige på svenska.	7462481	Zweden wordt "Sverige" genoemd in het Zweeds.
12247059	”Suecia” heter Sverige på svenska.	7462481	Zweden wordt "Sverige" genoemd in het Zweeds.
3882607	Kroatien heter ”Hrvatska” på kroatiska.	7462509	Kroatië wordt "Hrvatska" genoemd in het Kroatisch.
2165121	Somalia heter ”as-Sumal” på arabiska.	7462714	Somalië wordt "as-Sumal" genoemd in het Arabisch.
12244162	Albaniens huvudstad heter Tirana.	7462740	De hoofdstad van Albanië heet Tirana.
12244922	Huvudstaden i Albanien heter Tirana.	7462740	De hoofdstad van Albanië heet Tirana.
3663937	Tyskland har två huvudstäder.	7463080	Duitsland heeft twee hoofdsteden.
3798314	Tokyo är Japans huvudstad.	7463107	Tokio is de hoofdstad van Japan
3805642	Tallinn är Estlands huvudstad.	7463116	Tallinn is de hoofdstad van Estland.
4075744	Oslo är Norges huvudstad.	7463132	Oslo is de hoofdstad van Noorwegen.
2373648	Stockholm är Sveriges huvudstad.	7463146	Stockholm is de hoofdstad van Zweden.
3842357	Vilnius är Litauens huvudstad.	7463151	Vilnius is de hoofdstad van Litouwen.
3640817	Bratislava är Slovakiens huvudstad.	7463172	Bratislava is de hoofdstad van Slowakije.
12244141	Ljubljana är Sloveniens huvudstad.	7463175	Ljubljana is de hoofdstad van Slovenië.
4448225	Vietnams huvudstad är Hanoi.	7463181	De hoofdstad van Vietnam is Hanoi.
5232056	Vad är Ungerns huvudstad?	7463198	Wat is de hoofdstad van Hongarije?
1974581	Vad är Finlands huvudstad?	7463227	Wat is de hoofdstad van Finland?
8547968	Indiens huvudstad är New Delhi.	7463229	De hoofdstad van India is New Delhi.
2027133	Seoul är huvudstaden i Sydkorea.	7463245	Seoul is de hoofdstad van Zuid-Korea.
2027133	Seoul är huvudstaden i Sydkorea.	7464509	Seoel is de hoofdstad van Zuid-Korea.
7895320	Österrike ligger i Centraleuropa.	7466065	Oostenrijk ligt in Centraal-Europa.
1785647	Algeriet är mitt land.	7481117	Algerije is mijn land.
409714	Nederländerna är ett litet land.	7481209	Holland is een klein land.
10336260	Jag är spanjor.	7481417	Ik ben Spaans.
9535593	God jul, Tatoeba!	7481480	Vrolijk kerstfeest, Tatoeba!
1130749	Hunden blöder.	7484281	De hond bloedt.
1996626	Skriv till mig.	7484978	Schrijf me!
5926575	Skriv till mig!	7484978	Schrijf me!
8969737	Jag tycker om surkål.	7487981	Ik hou van zuurkool.
12218739	Tom är blond.	7488009	Tom is blond.
11164013	Hon hade långt blont hår.	7488024	Ze had lang blond haar.
2151552	Köpenhamn är Danmarks huvudstad.	7488051	Kopenhagen is de hoofdstad van Denemarken.
2151984	Köpenhamn är huvudstaden i Danmark.	7488051	Kopenhagen is de hoofdstad van Denemarken.
12409245	Himlen var röd.	7488214	De lucht was rood.
2124769	Jag bor inte i Finland.	7489175	Ik woon niet in Finland.
4163781	Jag tycker om vatten.	7489225	Ik hou van water.
8879795	Solglasögonen kostar tjugo euro.	7495723	De zonnebril kost twintig euro.
7889816	Jag har 20 euro kvar.	7495728	Ik heb nog 20 euro over.
999123	Många unga romare åkte till Grekland.	7495880	Veel jonge Romeinen gingen naar Griekenland.
5007743	Var är solen?	7499052	Waar is de zon?
9445832	Tom är impopulär.	7499655	Tom is onpopulair.
8811400	Tom är intelligent.	7499668	Tom is intelligent.
2291285	Jag är din bror.	7499810	Ik ben jouw broer.
2228165	Luften är fuktig.	7523224	De lucht is vochtig.
2031071	Franskan utvecklades från latin.	7523325	Het Frans ontwikkelde zich vanuit het Latijn.
3640796	Hon lärde sig latin i skolan.	7523352	Ze heeft Latijn op school geleerd.
3794402	Jag äger en lustjakt.	7523510	Ik bezit een jacht.
3794416	Jag äger en yacht.	7523510	Ik bezit een jacht.
2111051	Mary är en gold-digger.	7523648	Maria is een gold digger.
11910677	Alla religioner förbjuder mord.	7523996	Elke religie verbiedt moord.
2122573	Hoppa!	7524192	Spring!
8423268	Det finns en telefon i köket.	7526671	Er is een telefoon in de keuken.
3924614	Jag tycker om kaffe.	7527342	Ik hou van koffie.
2029915	Du älskar kaffe.	7527345	Jij houdt van koffie.
8773859	Jag drack kaffe.	7527353	Ik dronk koffie.
5882506	Tom säljer kaffe.	7527356	Tom verkoopt koffie.
3993098	Dricker Tom kaffe?	7527385	Drinkt Tom koffie?
4842919	Vart är smöret?	7529950	Waar is de boter?
4089541	Tom är fattig.	7533021	Tom is arm.
12411171	Tom är perfekt.	7533035	Tom is perfect.
12220754	Jag bor i Ungern.	7535154	Ik woon in Hongarije.
3833529	Jag bor i norra Sverige.	7535184	Ik woon in Noord-Zweden.
5067425	Schweiz är inte Sverige.	7535966	Zwitserland is geen Zweden.
12407007	Spindlar är inga insekter.	7536281	Spinnen zijn geen insecten.
12406998	Spindlar har åtta ben.	7536282	Spinnen hebben acht poten.
5707105	God dag!	7545733	Goedendag!
5834190	Goddag!	7545733	Goedendag!
778581	God dag.	7545739	Goedendag.
3744479	Goddag.	7545739	Goedendag.
12218971	Jag pratar inte portugisiska.	7548840	Ik spreek geen Portugees.
12238876	Jag talar inte portugisiska.	7548840	Ik spreek geen Portugees.
10667898	Hur säger man XXX på engelska?	7548889	Hoe zeg je XXX in het Engels?
4170074	Hennes far var redaktör på en tysk tidning i Lettland.	7548934	Haar vader was de redacteur van een Duitse krant in Letland.
1999271	Kom tillbaka hit.	7549957	Kom hier terug.
5926577	De skriver.	7550302	Ze schrijven.
5126122	Är det din nya flickvän?	7555298	Is dat jouw nieuwe vriendin?
9046365	Mary har två pojkvänner.	7555354	Maria heeft twee vrienden.
2120643	Trädet är grönt.	7557467	De boom is groen.
12277055	Jorden är en planet.	7566775	De aarde is een planeet.
6390965	Venus är en planet.	7566780	Venus is een planeet.
4439519	Tom kom närmare.	7575239	Tom kwam dichterbij.
9152277	Boken är orange.	7585874	Het boek is oranje.
3790834	Jag pratar franska också.	7586559	Ik spreek ook Frans.
3790836	Jag pratar också franska.	7586559	Ik spreek ook Frans.
7864092	Vänta.	7623480	Wacht.
9117145	Schweiz ligger i Centraleuropa.	7680545	Zwitserland ligt in Centraal-Europa.
4440125	Jag äter päron.	7681184	Ik eet peren.
12434733	Tom är inte att lita på.	7684191	Tom is niet te vertrouwen.
4443747	Det var ingen jordbävning.	7684219	Dat was geen aardbeving.
12300172	Gillar du lasagne?	7684383	Hou je van lasagne?
9440090	Jag såg drottningen.	7694572	Ik zag de koningin.
12237960	Tom springer.	7706465	Tom rent.
2885885	Kvinnan äter bröd.	7715212	De vrouw eet brood.
665777	Isen smälter.	7717331	Het ijs smelt.
3848866	Jag gillar grönt te.	7730668	Ik hou van groene thee.
3848867	Jag tycker om grönt te.	7730668	Ik hou van groene thee.
2244822	Fladdermusen är inte en fågel, utan ett däggdjur.	7753453	Een vleermuis is geen vogel, maar een zoogdier.
7888154	Tom dricker två glas vin till varje måltid.	7754439	Tom drinkt twee glazen wijn bij elke maaltijd.
5884514	Du behöver hjälp.	7798970	Je hebt hulp nodig.
12270547	Klockan är tre.	7799517	Het is drie uur.
4408206	Ja, varför inte!	7804192	Ja, waarom niet?
5926639	Varför inte esperanto?	7804208	Waarom niet Esperanto?
2022969	Varför är du hemma?	7804401	Waarom ben je thuis?
7805229	Marina är från Ryssland och Clarissa är från Sverige.	7805226	Marina komt uit Rusland en Clarissa komt uit Zweden.
12433893	Håll oss uppdaterade.	7811440	Hou ons op de hoogte.
1785654	Pfirsichbaeumchen är från Tyskland.	7811994	Pfirsichbaeumchen komt uit Duitsland.
3149692	Amerika är mycket stort.	7814342	Amerika is erg groot.
3710169	Du är min hjälte.	7814344	Je bent mijn held.
2653967	Bilen är blå.	7814609	De auto is blauw.
880533	Vi äter lunch.	7814610	We zijn aan het lunchen.
1998349	När var det?	7814613	Wanneer was dat?
9024196	Sköldpaddor lägger ägg.	7825019	Schildpadden leggen eieren.
2654380	Jag kan inte äta.	7833241	Ik kan niet eten.
10868122	Träskonäbbar äter fisk.	7838552	Schoenbekooievaars eten vissen.
10735200	Min hund jamar.	7840306	Mijn hond miauwt.
6364217	Jag har en ung fru.	7848299	Ik heb een jonge vrouw.
9024200	Är ni tvillingar?	7895423	Zijn jullie tweeling?
2328148	Hon är tvilling.	7895425	Ze is een tweeling.
2736743	Vem arbetar du för?	7897925	Voor wie werk je?
10707721	Han gillar tigrar.	7898035	Hij houdt van tijgers.
10707722	Han tycker om tigrar.	7898035	Hij houdt van tijgers.
3463715	Jag är inte törstig.	7898371	Ik heb geen dorst.
4412094	Alla är döda.	7898779	Iedereen is dood.
2113506	Tom är ung.	7898805	Tom is jong.
10777208	Ring hem!	7898949	Bel naar huis!
3843636	Han äter.	7899015	Hij eet.
1990454	Försök igen.	7899051	Probeer het opnieuw.
4448932	Han talar arabiska.	7899054	Hij spreekt Arabisch.
12218715	Pratar ni persiska?	7899304	Spreken jullie Farsi?
12231374	Talar ni persiska?	7899304	Spreken jullie Farsi?
4442772	Var är hissen?	7900391	Waar is de lift?
410161	Jag har en katt och en hund. Katten är svart och hunden är vit.	7900529	Ik heb een kat en een hond. De kat is zwart en de hond is wit.
1996649	Tom är död.	7900651	Tom is dood.
4338261	Vi bor tillsammans.	7900655	We wonen samen.
8945139	Känner ni Tom?	7901039	Kennen jullie Tom?
12220436	Jag har en stor hund.	7902224	Ik heb een grote hond.
3794370	Det enda språk Tom kan tala är franska.	7902289	De enige taal die Tom kan spreken is Frans.
3794372	Det enda språk som Tom kan tala är franska.	7902289	De enige taal die Tom kan spreken is Frans.
12261942	Hur mår du, Tom?	7902322	Hoe gaat het, Tom?
4457039	Min familj är liten.	7902584	Mijn familie is klein.
11521723	Tom läser Bibeln.	7902618	Tom leest de Bijbel.
2114816	Tom är hemlös.	7902672	Tom is dakloos.
10033835	God morgon, Tom.	7911524	Goedemorgen Tom.
12398699	God morgon, Tom!	7911524	Goedemorgen Tom.
12265844	Tom har många katter.	7912380	Tom heeft veel katten.
2654035	Jag har blå ögon.	7913856	Ik heb blauwe ogen.
3745313	Jag har blåa ögon.	7913856	Ik heb blauwe ogen.
3473797	Leanne har blå ögon.	7913866	Leanne heeft blauwe ogen.
11526273	Hej!	7914080	Hoi!
12298761	Bevisa det!	7914103	Bewijs het!
5069339	Egendom är stöld.	7914164	Eigendom is diefstal.
9024210	Vi är fiender.	7914168	Wij zijn vijanden.
11186590	Jag behövde honom.	7914251	Ik had hem nodig.
5923425	De lyssnar inte på mig.	7915835	Ze luisteren niet naar mij.
10135330	Vi är slaktare.	7916645	Wij zijn slagers.
2009015	Bob är min kompis.	7924357	Bob is mijn maatje.
12399395	Det här är ett äpple.	7924841	Dit is een appel.
1402009	Han emigrerade till Australien.	7926560	Hij emigreerde naar Australië.
10705801	Aten ligger i Grekland.	7926590	Athene ligt in Griekenland.
4072575	Vi har många konkurrenter.	7960475	We hebben veel concurrenten.
3833401	Förresten, hur gammal är du?	7965245	Trouwens, hoe oud ben je?
12169861	Den här färgen är fin.	7971798	Deze kleur is mooi.
4445783	Ingenting kan stoppa oss.	7984465	Niets kan ons stoppen.
11510437	Vill du bli min fru?	7986470	Zou je mijn vrouw willen zijn?
12234037	Hon är fransyska.	7998441	Ze is Frans.
12238899	Jag talar inte finska.	7999949	Ik spreek geen Fins.
2047111	Tom äter som en gris.	8003035	Tom eet als een varken.
4372055	Gå till garaget.	8003590	Ga naar de garage.
2113571	Här är bussen.	8006471	Hier is de bus.
3784791	Tom är Marys granne.	8009986	Tom is Maria's buurman.
8028037	Hon har en katt.	8028035	Ze heeft een kat.
5131635	Katten fångade råttorna.	8061026	De kat ving de ratten.
2044014	Jag är fotograf.	8097075	Ik ben fotograaf.
2148154	Björnen brummar.	8099564	De beer gromt.
5893030	Respekt!	8113454	Respect!
1671850	Jag behöver kaffe.	8113632	Ik heb behoefte aan koffie.
1583496	Jag behöver hjälp.	8157203	Ik heb hulp nodig!
11908316	Han är den ena som inte vet.	8157307	Hij is de enige die het niet weet.
11510384	Är det möjligt att tämja en krokodil?	8193556	Is het mogelijk een krokodil te temmen?
4347451	Jag hatar min syster.	8194888	Ik haat mijn zus.
12250547	Vi gör det tillsammans.	8203588	We doen het samen.
923351	Du då?	8227908	Jij dan?
4439765	Tom är nöjd.	8228082	Tom is tevreden.
4171624	Han är aldrig nöjd.	8228083	Hij is nooit tevreden.
4839757	Jag var väldigt nöjd.	8228084	Ik was echt tevreden.
1960224	Är du nöjd med resultatet?	8228086	Ben je tevreden met het resultaat?
842377	Han är nöjd med sitt jobb.	8228087	Hij is tevreden met zijn baan.
4163836	Jag är nöjd med mitt köp.	8228088	Ik ben tevreden met mijn aankoop.
4446700	Vad stal du?	8228352	Wat heb je gestolen?
1971224	Vad ska du göra på fredag?	8228355	Wat ga je vrijdag doen?
1971224	Vad ska du göra på fredag?	8228356	Wat ga je op vrijdag doen?
4398337	Han kommer alltid för sent till lektionen.	8228359	Hij komt altijd te laat in de les.
3875283	Jag känner mig så ensam.	8228361	Ik voel me zo eenzaam.
2460644	Jag har ingen lust att gå ut i kväll.	8228371	Ik heb geen zin om vanavond uit te gaan.
3833401	Förresten, hur gammal är du?	8228372	Trouwens, hoe oud ben jij?
5902210	Är du törstig?	8228821	Heb je dorst?
2279158	Är du hungrig?	8228823	Heb je honger?
3436259	Ut med dig!	8228899	Weg met jou!
2786546	Talar Tom flytande franska?	8228900	Spreekt Tom vloeiend Frans?
898912	Vem vinner?	8228902	Wie wint er?
12257815	Att vara eller inte vara, det är frågan.	8299974	Zijn of niet zijn, dat is de vraag.
4328576	Boken kostar fem dollar.	8310824	Het boek kost vijf dollar.
2160499	Hon talar portugisiska.	8319872	Zij spreekt Portugees.
12169579	Jag har många vänner som kan hjälpa mig.	8335964	Ik heb veel vrienden die me kunnen helpen.
4343730	Jag har vad jag behöver.	8353828	Ik heb wat ik nodig heb.
3793911	Drömmer du på franska?	8385045	Droom je in het Frans?
11509149	Använder du Skype?	8386621	Gebruik je Skype?
4354245	Jag behöver mer hjälp.	8389247	Ik heb meer hulp nodig.
8391003	Vattnet är inte rent.	8390929	Het water is niet schoon.
8391003	Vattnet är inte rent.	8393010	Het water is niet zuiver.
893127	Jag är i bilen.	8425939	Ik zit in de auto.
2022961	Var är vi nu?	8435475	Waar zijn we nu?
12265546	Var lärde du dig att tala franska?	8436476	Waar heb je Frans leren spreken?
5887002	Jag var stark.	8437886	Ik was sterk.
5263991	Jag har hittat en lägenhet.	8438142	Ik heb een woning gevonden.
3812778	Jag har tillräckligt med pengar.	8443146	Ik heb genoeg geld.
12543055	Jag har ett problem.	8443259	Ik heb een probleem.
2655833	Vad är din blodgrupp?	8443263	Wat is jouw bloedgroep?
8447980	Jag talar inte luxemburgiska.	8447966	Ik ken geen Luxemburgs.
8447980	Jag talar inte luxemburgiska.	8447968	Ik spreek geen Luxemburgs.
12169676	Det är för filosofiskt för mig.	8448857	Dat is te filosofisch voor mij.
4445787	Ingenting här är mitt.	8449697	Niets hier is van mij.
9024218	Jag är döv.	8463389	Ik ben doof.
10753387	Vi skriver.	8466518	Wij schrijven.
12217486	Ja, det stämmer.	8466533	Ja, dat klopt.
8391060	Hon bor i Rom.	8466539	Ze woont in Rome.
3154167	Hästen är inte vit.	8466551	Het paard is niet wit.
8434315	Jag har en båt.	8466627	Ik heb een boot.
2321291	Jag ska till Paris.	8466716	Ik ga naar Parijs.
4446704	Vad studerade du?	8466746	Wat heb je gestudeerd?
12218917	Jag pratar luxemburgiska, tyska, franska och engelska.	8470332	Ik spreek Luxemburgs, Duits, Frans en Engels.
12238832	Jag talar luxemburgiska, tyska, franska och engelska.	8470332	Ik spreek Luxemburgs, Duits, Frans en Engels.
3122011	Du känner mig utan och innan.	8473939	Je kent me van binnen en buiten.
8486801	Vi har en stor trädgård.	8486794	We hebben een grote tuin.
3096664	Jag har en röd bil.	8487038	Ik heb een rode auto.
4437712	Tom är inte jude.	8488124	Tom is geen jood.
4437713	Tom är också jude.	8488125	Tom is ook een jood.
8489160	Jag är inte religiös.	8489154	Ik ben niet religieus.
8493953	Tom och Mary har en dotter.	8493881	Tom en Mary hebben een dochter.
1979056	En katt har en svans och fyra ben.	8497838	Een kat heeft een staart en vier benen.
12220706	Jag talar inte engelska.	8537497	Ik spreek geen Engels.
1459155	Jag talar inte kinesiska.	8545917	Ik spreek geen Chinees
12218936	Jag pratar inte kinesiska.	8545917	Ik spreek geen Chinees
8554047	Universum är ett mysterium.	8553756	Het heelal is een mysterie.
11510615	Hon är en erfaren politiker.	8560055	Zij is een ervaren politica.
12199023	Hon arbetar för mycket.	8569965	Zij werkt te veel.
3830469	Har du någon familj?	8570033	Heb je een gezin?
12235082	Jag är fransman.	8577707	Ik ben Fransman.
4401168	Naoko simmar.	8579617	Naoko zwemt.
8831984	Du har post.	8593988	Je hebt post.
2148019	Jag är hungrig som en varg.	8623872	Ik heb honger als een wolf.
1999913	Tom är min hjälte.	8625152	Tom is mijn held.
2306947	Nästan alla hundar lever.	8654450	Bijna alle honden zijn in leven.
8419279	Jag är intresserad.	8661555	Ik ben geïnteresseerd.
2994940	Är han död?	8663223	Is hij dood?
4446131	Jag heter också Tom.	8670980	Ik heet ook Tom.
13093284	Din åsna!	8683210	Jij ezel!
7038707	”Ålder?” ”16.”	8689905	"Leeftijd?" "16."
5887751	Optimister lever längre.	8726555	Optimisten leven langer.
12406609	Igelkotten är allätare.	8731728	Egels zijn alleseters.
3126947	Världen är liten.	8738971	De wereld is klein.
3784955	Han var törstig.	8757492	Hij had dorst.
12169800	Hon kommer att vänta.	8775729	Ze zal wachten.
10777210	Kom hem!	8917625	Kom naar huis!
4025400	Du är min pappa.	8952336	Jij bent mijn papa.
2791717	Vad betyder SSSR?	8959447	Wat betekent USSR?
8917904	Tom har en vit hund.	8963000	Tom heeft een witte hond.
4328518	Han älskar fotboll.	8972845	Hij houdt van voetbal.
4449656	Han jobbar söndagar.	8974488	Hij werkt op zondag.
11512586	Denna översättning är korrekt.	9010015	Deze vertaling is juist.
4367365	Jag vill resa.	9022239	Ik wil reizen.
11510492	Hon pratar inte.	9038817	Zij praat niet.
11510556	Hon är svårt skadad.	9038838	Zij is zwaargewond.
12170543	Han snarkar varje natt.	9042606	Hij snurkt elke nacht.
4350419	Jag vet det, Tom.	9050555	Dat weet ik, Tom.
9250589	Du är ful.	9051758	Je bent lelijk.
12244094	Grönlands huvudstad är Nuuk.	9056249	De hoofdstad van Groenland is Nuuk.
12238852	Jag talar inte turkiska.	9059277	Ik spreek geen Turks.
2134409	Vi är emot krig.	9059336	We zijn tegen oorlog.
12299886	Jag är inte perfekt.	9066592	Ik ben niet perfect.
10897636	Vad är skillnaden?	9072101	Wat is het verschil?
2195662	Han flög till Paris.	9072137	Hij vloog naar Parijs.
3690888	Tom kan inte hjälpa dig.	9073995	Tom kan je niet helpen.
12288174	Var är min fru?	9074028	Waar is mijn vrouw?
7035636	Tom vill ha bevis.	9074135	Tom wil bewijs.
4439860	Vi har tre minuter.	9074140	We hebben drie minuten.
1990413	Morfar köpte den till mig.	9074268	Opa heeft het voor mij gekocht!
2209079	Jag är här som turist.	9074418	Ik ben hier als toerist.
6399391	Sami läste hela bibeln.	9076689	Sami las de hele Bijbel.
12170590	Jag har inte glömt dina ord.	9089431	Ik ben je woorden niet vergeten.
4367398	Jag var i Boston.	9118253	Ik was in Boston.
12301143	Varför är gräset grönt?	9209583	Waarom is gras groen?
5882515	Tom gick vidare.	9226548	Tom ging verder.
4168070	Jag bor i Peru.	9243347	Ik woon in Peru.
923982	Jag är inte intresserad.	9253555	Ik ben niet geïnteresseerd.
1666435	Våra gudar är döda.	9285687	Onze goden zijn dood.
12270420	Klockan är fyra.	9286779	Het is vier uur.
12676595	Klockan är kvart i tre.	9286820	Het is kwart voor drie.
8945370	Varför kan ni inte komma?	9302913	Waarom kunnen jullie niet komen?
4450801	Jag köpte en sax.	9324697	Ik kocht een schaar.
4450801	Jag köpte en sax.	9324698	Ik heb een schaar gekocht.
4347957	Jag har en ring.	9324737	Ik heb een ring.
9346491	Tom är en man, och jag är en kvinna.	9346023	Tom is een man en ik ben een vrouw.
5883257	Jag är inte hungrig längre.	9353961	Ik heb geen honger meer.
11516413	Tom är speciell.	9377855	Tom is speciaal.
10707699	Han andades djupt.	9378951	Hij heeft diep ingeademd.
3869686	Ni är inte hundar.	9388981	Jullie zijn geen honden.
9210755	Tom har en ny bil.	9394142	Tom heeft een nieuwe auto.
12231761	Jag talar inte spanska.	9394168	Ik spreek geen Spaans.
4372060	Jag målar garaget.	9394273	Ik schilder de garage.
4439774	Tom är kreativ.	9398524	Tom is creatief.
4439790	Tom är diplomatisk.	9398540	Tom is diplomatisch.
3169670	Fåglarna är röda.	9414995	De vogels zijn rood.
4842936	Har du ett kreditkort?	9415002	Heb je een creditcard?
11510385	Många människor dog i det kriget.	9419925	Veel mensen stierven in die oorlog.
5882507	Tom säger att du är bra på tennis.	9426518	Tom zegt dat je goed bent in tennis.
1988947	Rummet har två fönster.	9433135	De kamer heeft twee ramen.
410136	Cuzco är en av de intressantaste platserna i världen.	9436639	Cuzco is een van de meest interessante plekken ter wereld.
1962120	Jag vill förändra världen.	9436711	Ik wil de wereld veranderen.
1989898	Jag har inte tid att läsa böcker.	9436767	Ik heb geen tijd om boeken te lezen.
2886155	Vi gick till stranden.	9436798	We gingen naar het strand.
3830638	Är momsen inräknad i priset?	9445571	Is de btw in de prijs inbegrepen?
8428955	Jag har många böcker i mitt bibliotek, men ingendera är på tjeckiska.	9463821	Ik heb veel boeken in mijn bibliotheek, maar geen enkele is in het Tsjechisch.
3894229	Vad gör vi här?	9476501	Wat doen we hier?
1960052	Hon har köpt en ny dator.	9480716	Ze heeft een nieuwe computer gekocht.
925338	Vi såg många skepp i hamnen.	9480722	We zagen veel schepen in de haven.
12676612	Klockan är kvart över nio.	9484729	Het is kwart over negen.
8666899	Det är skattkammaren.	9485311	Het is de schatkamer.
12928051	Tom var en hippie.	9486683	Tom was een hippie.
8408833	Hur många jultomtar finns det?	9489176	Hoeveel kerstmannen zijn er?
5265530	Det fanns inte tillräckligt med bränsle.	9489298	Er was niet genoeg brandstof.
11510482	Jag börjar inte studera förrän nästa vecka.	9496645	Ik begin pas volgende week met studeren.
11510568	Ryska talas.	9496684	Er wordt Russisch gesproken.
2098277	Jag vet hur gammal Tom är.	9499318	Ik weet hoe oud Tom is.
2188792	Vi litar på honom.	9499331	We vertrouwen hem.
12228036	Vem tycker inte om julen?	9499807	Wie houdt er niet van kerst?
5877856	Hela staden låg under vatten.	9502802	De hele stad stond onder water.
10776511	Han gav upp.	9535777	Hij gaf op.
10776512	Jag gav upp.	9535778	Ik gaf op.
1964470	Kriget tog slut 1954.	9535856	Die oorlog eindigde in 1954.
10899055	Deras bröllop är imorgon.	9536036	Morgen is hun huwelijk.
2049061	När är begravningen?	9536043	Wanneer is de begrafenis?
2807104	Tom och Mary var på Johns begravning.	9536047	Tom en Mary waren op de begrafenis van John.
2017175	Min mormor bodde hos oss.	9556941	Mijn oma woonde bij ons.
1602639	Min dröm är att studera utomlands.	9568851	Mijn droom is om in het buitenland te studeren.
9523121	Erdoğan är Turkiets president.	9591628	Erdogan is de president van Turkije.
3720848	Detta är ett finsk-ugriskt språk.	9591748	Het is een Fins-Oegrische taal.
1785615	Min son talar inte svenska.	9593535	Mijn zoon spreekt geen Zweeds.
8955831	Japanska är inte ett indo-europeiskt språk.	9609164	Japans is geen Indo-Europese taal.
8884669	Januari, februari, mars, april, maj, juni, juli, augusti, september, oktober, november och december är årets tolv månader.	9638030	Januari, februari, maart, april, mei, juni, juli, augustus, september, oktober, november en december zijn de twaalf maanden van het jaar.
5581126	Jag är inte trött.	9666260	Ik ben niet moe.
8955621	Ta med dig barnen.	9668913	Breng je kinderen mee.
4439904	Jag behöver målarfärg.	9676894	Ik heb verf nodig.
2966941	Förstår du vad jag menar?	9677039	Begrijp je wat ik bedoel?
4345862	Jag kan förklara det där.	9683209	Ik kan dat uitleggen.
4345863	Det kan jag förklara.	9683209	Ik kan dat uitleggen.
4691823	Han bor enbart i en liten stuga i träsket.	9699258	Hij woont alleen in een huisje in het moeras.
4409000	Det där är plast.	9711983	Dat is plastic.
4317058	Jag faxade en karta åt Tom.	9712080	Ik faxte een kaart naar Tom.
4335925	Jag älskar min katt.	9731278	Ik hou van mijn kat.
893632	Katter tycker inte om vatten.	9731281	Katten houden niet van water.
12198825	Ni röker.	9756405	Jullie roken.
4347958	Jag har en brödrost.	9767327	Ik heb een broodrooster.
9817247	Min pappa hjälpte mig knyta slipsen.	9816818	Mijn vader heeft me geholpen mijn das te strikken.
12215812	Jag heter Maria.	9827360	Ik heet Maria.
9828778	De såg en katt som klättrade upp i trädet.	9828798	Ze zagen een kat in de boom klimmen.
12399110	Vatten kokar vid hundra grader.	9843370	Water kookt bij honderd graden.
1135415	Hon spelade piano tillräckligt bra.	9851178	Ze speelde behoorlijk goed piano.
6145137	Jag är lik min pappa.	9853685	Ik ben zoals mijn vader.
2154256	Vår son dog i kriget.	10015590	Onze zoon stierf in de oorlog.
2154256	Vår son dog i kriget.	10015591	Onze zoon is in de oorlog gestorven.
4317106	Ammoniak är en bas.	10018239	Ammoniak is een base.
12613823	Katten jamar.	10039211	De kat miauwt.
6780174	Tom och Maria är lika gamla.	10040768	Tom en Mary zijn even oud.
6672805	Jag hatar vintern.	10040914	Ik haat de winter.
5240180	Jag talar bara lite franska.	10040918	Ik spreek maar een beetje Frans.
12243173	Irland ligger i Västeuropa.	10050308	Ierland ligt in West-Europa.
11509356	Tom var helt förvirrad.	10121419	Tom was helemaal in de war.
2009992	Jag betalar det dubbla.	10162530	Ik zal het dubbele betalen.
1971150	De kysste varandra.	10252924	Ze kusten elkaar.
10252950	Ta nödutgången!	10252926	Neem de nooduitgang!
10252948	Du är galen!	10252928	Je bent krankzinnig.
3640480	Biljetter är bara giltiga för två dagar, inklusive dagen som de köptes.	10302925	De tickets zijn slechts twee dagen geldig, inclusief de dag waarop ze zijn gekocht.
11509067	Jag ska kyssa dig.	10343784	Ik ga je kussen.
11277116	Vilken färg har Toms hund?	10350044	Welke kleur heeft Toms hond?
10265424	Är det en komplimang?	10520819	Is dat een compliment?
13385307	Klockan är halv tre.	10546009	Het is half drie.
13214531	Klockan är kvart i åtta.	10547731	Het is kwart voor acht.
3009059	Det är inte en tillfällighet.	10633109	Het is geen toeval.
4023122	Jag duschar nästan varje dag.	10645830	Ik douch bijna elke dag.
10956529	Balkongen är liten.	10669302	Het balkon is klein.
12169608	Etiopien är ett fattigt land.	10695395	Ethiopië is een arm land.
3005109	Jag är i Ryssland.	10731849	Ik ben in Rusland.
4344010	Rökt strömming heter böckling.	10738130	Gerookte haring wordt bokking genoemd.
4344010	Rökt strömming heter böckling.	10738131	Gerookte haring wordt bokkem genoemd.
12271573	Bävrar bygger dammar.	10746962	Bevers bouwen dammen.
10842017	Vem finansierar Islamiska staten?	10842016	Wie financiert de Islamitische Staat?
10849718	Var är hennes hund?	10847603	Waar is haar hond?
2022388	Tom är en beatnik.	10891126	Tom is een beatnik.
10949127	Är det där en häftapparat?	10953663	Is dat een nietmachine?
2093721	Var är min son?	11018498	Waar is mijn zoon?
10753437	Vi är på semester.	11028198	Wij zijn op vakantie.
12235083	Jag är fransyska.	11035968	Ik ben Française.
12249623	Jag har mycket tid.	11048024	Ik heb veel tijd.
2114727	Tom är ensam.	11180998	Tom is eenzaam.
8891376	Naturen är full av hemligheter.	11214919	De natuur is vol geheimen.
1126474	Hjälp mig!	11327927	Help mij.
10764990	Hjälp mig.	11327927	Help mij.
5337064	Vad kostar den här kameran?	11479595	Hoeveel kost deze camera?
11522344	Världen är en nation.	11522343	De wereld is een natie.
11529474	Tom vill ha en motorcykel.	11529473	Tom wil een motorfiets.
11538455	Tom är min patient.	11538451	Tom is mijn patiënt.
11553996	Elefanten är stor.	11553992	De olifant is groot.
12636903	På natten är alla katter grå.	11608827	Bij nacht zijn alle katten grauw.
10713287	Jag talar inte hebreiska.	11630452	Ik spreek geen Hebreeuws.
12334243	Musiken är mitt liv.	11638300	Muziek is mijn leven.
12247854	I morgon är det fredag.	11651086	Morgen is het vrijdag.
12247855	Imorgon är det fredag.	11651086	Morgen is het vrijdag.
12169844	Hon är vår dotter.	11704342	Zij is onze dochter.
10702255	Jag är jude.	11875380	Ik ben jood.
12169667	Jag hoppas att du förstår.	11905275	Ik hoop dat je het begrijpt.
4441939	Jag är också kanadensare.	12084531	Ik ben ook Canadees.
10665629	Jim har breda skuldror.	12119338	Jim heeft brede schouders.
8436533	Vilken är nästa hållplats?	12123572	Wat is de volgende halte?
11827502	Vad betyder ditt namn?	12133882	Wat betekent jouw naam?
10661346	Jag pratar ofta i sömnen.	12140967	Ik praat veel in mijn slaap.
12169787	Jag har ingen bok.	12158919	Ik heb geen boek.
10747308	Jag äter inte ost.	12176649	Ik eet geen kaas.
12215822	Jag är Maria.	12186140	Ik ben Maria.
12240405	Hamstrar är nattdjur.	12203827	Hamsters zijn nachtdieren.
12207271	Hur många människor var det som Mao dödade?	12207137	Hoeveel mensen vermoordde Mao?
4350470	Jag lät Tom tala.	12208658	Ik laat Tom praten.
4350470	Jag lät Tom tala.	12208659	Ik laat Tom spreken.
12216237	Hur ofta diskar du?	12216231	Hoe vaak doe je de afwas?
12241254	Det tycker jag med.	12216278	Dat vind ik ook.
12216807	Vilket djur är brunt?	12216799	Welk dier is bruin?
12219366	Jag pratar också spanska.	12219374	Ik spreek ook Spaans.
12219367	Jag pratar spanska också.	12219374	Ik spreek ook Spaans.
12219659	Jag talar också spanska.	12219374	Ik spreek ook Spaans.
12219660	Jag talar spanska också.	12219374	Ik spreek ook Spaans.
3790852	Hon talar också franska.	12219514	Ze spreekt ook Frans.
3790853	Hon pratar också franska.	12219514	Ze spreekt ook Frans.
12219526	Hon talar också ryska.	12219524	Ze spreekt ook Russisch.
12219528	Hon pratar också ryska.	12219524	Ze spreekt ook Russisch.
11284439	Jag har en stor trädgård.	12220428	Ik heb een grote tuin.
12220584	Jag talar lite ungerska.	12220695	Ik spreek een beetje Hongaars.
12221046	Var är vargarna?	12221049	Waar zijn de wolven?
12221034	Vargen ylar.	12221051	De wolf huilt.
12221504	Vad heter han i förnamn?	12221519	Wat is zijn voornaam?
12221522	Vad heter hon i förnamn?	12221567	Wat is haar voornaam?
12221705	Mitt förnamn är Tom.	12221712	Mijn voornaam is Tom.
12221706	Tom är mitt förnamn.	12222207	Tom is mijn voornaam.
11309804	Tom hatar sitt namn.	12222998	Tom haat zijn naam.
891715	Det här är min fru, Edita.	12223018	Dit is mijn vrouw, Edita.
2131665	Det här är min fru, Minna.	12223036	Dit is mijn vrouw, Minna.
6363998	Hindi och Urdu är samma språk.	12231605	Hindi en Urdu zijn dezelfde taal.
12235672	Var är tratten?	12232872	Waar is de trechter?
10915202	Jag gillar inte äventyr.	12233275	Ik hou niet van avonturen.
12233661	Sex plus fyra är tio.	12233669	Zes plus vier is tien.
9987966	Tom är inte fransman.	12234890	Tom is geen Fransman.
12096948	Det är slovenska, inte slovakiska.	12235663	Dat is Sloveens, niet Slowaaks.
12238174	Min katt spinner.	12236592	Mijn kat spint.
12236826	Varför spinner katter?	12237708	Waarom spinnen katten?
12237729	Varför spinner inte min katt?	12237730	Waarom spint mijn kat niet?
4439547	Tom blev glad.	12238026	Tom was blij.
10687051	Barnet dricker vatten.	12238439	Het kind drinkt water.
12238814	Tom gav Mary en örfil.	12238964	Tom gaf Maria een oorvijg.
12240255	Har Tom någon familj?	12240306	Heeft Tom een gezin?
12240407	Han är hal som en ål.	12240701	Hij is zo glad als een paling.
12242996	Danmark ligger i Skandinavien.	12242968	Denemarken ligt in Scandinavië.
12243012	Sverige ligger i Skandinavien.	12243025	Zweden ligt in Scandinavië.
12243006	Sverige ligger i norra Europa.	12243053	Zweden ligt in Noord-Europa.
6364057	Portugal ligger väster om Spanien.	12243643	Portugal ligt ten westen van Spanje.
12246177	Jag var hungrig som en varg.	12246360	Ik had honger als een wolf.
12246003	Vad heter Litauens huvudstad?	12246439	Hoe heet de hoofdstad van Litouwen?
12246729	Vad heter huvudstaden i Litauen?	12246439	Hoe heet de hoofdstad van Litouwen?
12246006	Vad heter Lettlands huvudstad?	12246443	Hoe heet de hoofdstad van Letland?
12246730	Vad heter huvudstaden i Lettland?	12246443	Hoe heet de hoofdstad van Letland?
12246007	Vad heter Estlands huvudstad?	12246453	Hoe heet de hoofdstad van Estland?
12246732	Vad heter huvudstaden i Estland?	12246453	Hoe heet de hoofdstad van Estland?
12246008	Vad heter Finlands huvudstad?	12246456	Hoe heet de hoofdstad van Finland?
12246734	Vad heter huvudstaden i Finland?	12246456	Hoe heet de hoofdstad van Finland?
12246009	Vad heter Sveriges huvudstad?	12246457	Hoe heet de hoofdstad van Zweden?
12246737	Vad heter huvudstaden i Sverige?	12246457	Hoe heet de hoofdstad van Zweden?
12246010	Vad heter Norges huvudstad?	12246460	Hoe heet de hoofdstad van Noorwegen?
12246739	Vad heter huvudstaden i Norge?	12246460	Hoe heet de hoofdstad van Noorwegen?
12246011	Vad heter Danmarks huvudstad?	12246466	Hoe heet de hoofdstad van Denemarken?
12246740	Vad heter huvudstaden i Danmark?	12246466	Hoe heet de hoofdstad van Denemarken?
12244255	Vad heter Vietnams huvudstad?	12246515	Hoe heet de hoofdstad van Vietnam?
12244274	Vad heter Zimbabwes huvudstad?	12246520	Hoe heet de hoofdstad van Zimbabwe?
12244283	Vad heter Libyens huvudstad?	12246527	Hoe heet de hoofdstad van Libië?
12244289	Vad heter Madagaskars huvudstad?	12246529	Hoe heet de hoofdstad van Madagaskar?
12250597	Vad heter Lesothos huvudstad?	12246532	Hoe heet de hoofdstad van Lesotho?
12250603	Vad heter huvudstaden i Lesotho?	12246532	Hoe heet de hoofdstad van Lesotho?
9868970	Vad heter Australiens huvudstad?	12246565	Hoe heet de hoofdstad van Australië?
12244170	Vad heter Ungerns huvudstad?	12246566	Hoe heet de hoofdstad van Hongarije?
12246674	Vad heter Nederländernas huvudstad?	12246677	Hoe heet de hoofdstad van Nederland?
12246745	Vad heter huvudstaden i Nederländerna?	12246677	Hoe heet de hoofdstad van Nederland?
12247093	Sverige heter ”Suecia” på spanska.	12247140	Zweden wordt "Suecia" genoemd in het Spaans.
3784953	Hon var törstig.	12247572	Ze had dorst.
12247876	I morgon är det fullmåne.	12247583	Morgen is het volle maan.
12247887	I morgon är det torsdag.	12247906	Morgen is het donderdag.
12248007	I morgon är det tisdag.	12248012	Morgen is het dinsdag.
11269242	Tom har mycket tid.	12249632	Tom heeft veel tijd.
12249882	Maria har tre barn.	12249875	Maria heeft drie kinderen.
12244229	Vad heter Jemens huvudstad?	12250674	Hoe heet de hoofdstad van Jemen?
12250700	Vad heter huvudstaden i Jemen?	12250674	Hoe heet de hoofdstad van Jemen?
12244241	Vad heter Mongoliets huvudstad?	12250676	Hoe heet de hoofdstad van Mongolië?
2181564	Är du arg på mig?	12254440	Ben je boos op me?
9819633	Var lärde du dig att tala spanska?	12265863	Waar heb je Spaans leren spreken?
12269751	Tom är den perfekta syndabocken.	12269767	Tom is de perfecte zondebok.
12272282	En minut har sextio sekunder.	12273161	Een minuut heeft zestig seconden.
12277082	Venus är en stenig planet.	12277091	Venus is een rotsachtige planeet.
8388284	Var är öster?	12287302	Waar ligt het oosten?
12287406	Varje levande varelse består av celler.	12287393	Elk levend wezen bestaat uit cellen.
12295481	Jorden är rund som en boll.	12295740	De aarde is rond als een bal.
12305565	Nej, det är inte sant.	12305669	Nee, dat is niet waar.
12311420	Gud är en elefant.	12311665	God is een olifant.
12311975	Vad är Gud?	12312375	Wat is God?
12334167	Musik är livet.	12337366	Muziek is leven.
12334168	Livet är musik.	12337367	Leven is muziek.
12340617	Inte hela världen talar engelska.	12340612	Niet de hele wereld spreekt Engels.
12382770	Hon pratar med oss.	12347308	Ze praat tegen ons.
12362608	Varför ignorerar Tom mig?	12362617	Waarom negeert Tom mij?
2025344	Jag vet vem som gjorde det.	12388759	Ik weet wie het gedaan heeft.
12393191	Är det där mjölk?	12393184	Is dat melk?
12398857	Soppan kokar.	12398856	De soep kookt.
8950311	Vi är hjältar.	12401197	Wij zijn helden.
12404342	Min bok är ny.	12404348	Mijn boek is nieuw.
12406489	Kati Wolf är en ungersk sångerska.	12406202	Kati Wolf is een Hongaarse zangeres.
12406475	Maja Keuc är en slovensk sångerska.	12406460	Maja Keuc is een Sloveense zangeres.
12406912	Spindlar har inga öron.	12406932	Spinnen hebben geen oren.
12409245	Himlen var röd.	12409059	De hemel was rood.
12411217	Däggdjur producerar mjölk.	12411219	Zoogdieren produceren melk.
12411222	Alla däggdjur producerar mjölk.	12411223	Alle zoogdieren produceren melk.
2209362	Var ligger flygplatsen?	12412215	Waar ligt de luchthaven?
12441612	Vilken tur att blomkrukan var gjord av plast, annars hade den gått i tusen bitar.	12442508	Wat een geluk dat de bloempot van plastic was, anders was hij in duizend stukken gebroken.
12440253	Patienten blev buren på en bår.	12442512	De patiënt werd gedragen op een brancard.
12441038	Patienten bars på bår.	12442512	De patiënt werd gedragen op een brancard.
4442649	Tom kan ännu vara vid liv.	12442586	Tom kan nog in leven zijn.
3894236	Vi har fått in ett klagomål.	12442604	Wij hebben een klacht ontvangen.
11907307	Går du i trean?	12442795	Zit jij in de derde klas?
4450999	Toms efternamn är Jackson.	12442796	Toms achternaam is Jackson.
12434293	Du kan lita på att amerikanerna kommer att göra det rätta, när de har uttömt varje annan möjlighet.	12442800	Je kan erop vertrouwen dat de Amerikanen het juiste zullen doen, wanneer ze alle andere opties hebben uitgeput.
12433954	Du kommer att skydda mig, eller hur?	12442803	Je gaat me beschermen, toch?
12433881	Ingen får översätta denna meningen.	12442805	Niemand mag deze zin vertalen.
12433876	Jag gick upp tidigare än vanligtvis för att hinna med första tåget.	12442809	Ik stond vroeger op dan normaal om de eerste trein te halen.
12437884	Har ni sett någon?	12443823	Heb je iemand gezien?
12437345	Tom blev påkommen med att röka på flygplanstoaletten.	12443825	Tom werd betrapt op roken in het vliegtuigtoilet.
12433966	Vad är viktigare än detta?	12443829	Wat is belangrijker dan dit?
12433953	Jag är den som övertygade Tom att hjälpa oss.	12443831	Ik ben degene die Tom heeft overtuigd om ons te helpen.
12433845	Jag vill inte förvirra dig.	12443834	Ik wil je niet in verwarring brengen.
12443918	Faktum är att jag inte kan simma.	12444091	Het is een feit dat ik niet kan zwemmen.
12442804	Hon slängde en sjal över axlarna och lämnade rummet.	12444096	Ze gooide een sjaal over haar schouders en verliet de kamer.
12433803	Mannen lämnade utan att betala sin räkning.	12444107	De man vertrok zonder zijn rekening te betalen.
12433802	Andra halvan är för dig.	12444108	De andere helft is voor jou.
12433801	Igor rushade så snabbt han kunde.	12444111	Igor sprintte zo snel als hij kon.
12433795	Jag tror inte att Tom är särskilt bra på att åka skidor.	12444121	Ik denk niet dat Tom bijzonder goed is in skiën.
12445882	Lyssna noga nu.	12445973	Luister aandachtig nu.
12433828	Tom behöver ta hand om det själv.	12445975	Tom moet er zelf voor zorgen.
12433822	Han blev sjuk av att äta för mycket.	12445978	Hij werd ziek van te veel eten.
12433785	Det kommer antagligen snöa imorgon.	12445984	Morgen gaat het waarschijnlijk sneeuwen.
12433773	Tom vet antagligen inte att Mary är kanadensisk.	12445985	Tom weet waarschijnlijk niet dat Mary Canadees is.
12433761	Tom fattade inte vad läraren sade.	12445986	Tom begreep niet wat de leraar zei.
12433760	Sade Tom något till dig?	12445987	Zei Tom iets tegen jou?
12433757	Du gjorde faktiskt inte ett misstag, utan två.	12445988	Je hebt eigenlijk niet één fout gemaakt, maar twee.
12433754	Det är vad Tom och jag är vana vid att göra.	12445989	Dat is wat Tom en ik gewend zijn om te doen.
12433736	Var kan man få tag på den billigaste kvargen med låg fetthalt?	12445990	Waar haal je de goedkoopste milde kwark?
12432428	Hon låg och blundade på soffan.	12445994	Ze lag op de bank met gesloten ogen.
12433617	Hon låg och slumrade på soffan.	12445997	Ze lag op de bank te dommelen.
12430942	Ducka inte för frågan.	12446139	Ontwijk de vraag niet.
12430009	Jag är så hungrig att jag skulle kunna äta vad som helst.	12446142	Ik heb zo'n honger dat ik alles kan eten.
12428067	Jag vet helt enkelt inte vad som har hänt.	12446147	Ik weet gewoon niet wat er is gebeurd.
12505087	Detta är en löjligt argument.	12505086	Dit is een belachelijk argument.
6390987	Hans namn var Francisco Pizarro.	12511050	Zijn naam was Francisco Pizarro.
12551509	Tom är en stjärna.	12550023	Tom is een ster.
10116635	Han snarkade hela natten.	12582374	Hij heeft de hele nacht gesnurkt.
12218193	Pratar du slovakiska?	12596202	Spreek je Slovaaks?
12235554	Talar du slovakiska?	12596202	Spreek je Slovaaks?
12623599	EU har 24 officiella språk: Engelska, bulgariska, tjeckiska, danska, estniska, finska, franska, grekiska, nederländska, kroatiska, iriska, litauiska, lettiska, ungerska, maltesiska, tyska, polska, portugisiska, rumänska, slovakiska, slovenska, spanska, svenska och italienska.	12624838	De EU heeft 24 officiële talen: Engels, Bulgaars, Tsjechisch, Deens, Ests, Fins, Frans, Grieks, Nederlands, Kroatisch, Iers, Litouws, Lets, Hongaars, Maltees, Duits, Pools, Portugees, Roemeens, Slowaaks, Sloveens, Spaans, Zweeds en Italiaans.
12625501	EU har 24 officiella språk.	12625505	De EU heeft 24 officiële talen.
12655964	Klockan är halv elva.	12655934	Het is half elf.
12656050	Klockan är halv tio.	12656049	Het is half tien.
3840548	En, två, tre, fyra, fem, sex, sju, åtta, nio, tio.	12701858	Eén, twee, drie, vier, vijf, zes, zeven, acht, negen, tien.
12709482	Hundar är lojala.	12709476	Honden zijn loyaal.
12748872	Ge mig tusen kyssar.	12748877	Geef mij duizend kussen.
10739812	Var är min boll?	12889534	Waar is mijn bal?
12887343	Python är ett programmeringsspråk.	12902208	Python is een programmeertaal.
2133100	Trafikhinder varade i en timme.	12912696	De file duurde een uur.
2133103	Trafikstockningen varade i en timme.	12912696	De file duurde een uur.
5298222	Hon följde honom hem.	12915087	Zij volgde hem naar huis.
12940293	Han pratade aldrig om religion.	12940270	Hij sprak nooit over religie.
12929694	Glatt solstånd!	12941521	Fijne zonnewende!
1962492	Jag är för gammal för den här världen.	12947749	Ik ben te oud voor deze wereld.
11852256	Jag bor i Ryssland.	12947895	Ik woon in Rusland.
5864012	Det vill jag se med egna ögon.	12972906	Dat wil ik met eigen ogen zien.
2146113	Hon kan inte bara prata engelska utan också franska.	12976784	Ze spreekt niet alleen Engels, maar ook Frans.
2146125	Hon kan inte bara tala engelska, utan också franska.	12976784	Ze spreekt niet alleen Engels, maar ook Frans.
5887040	Han är stark och manlig.	12981442	Hij is sterk en mannelijk.
10707680	Han är sexig.	12982206	Hij is sexy.
1999371	Jag såg allt.	12982235	Ik zag alles.
4412091	Alla är här.	12982284	Iedereen is hier.
4409073	Vi är här.	12987575	Wij zijn hier.
4407041	Vad händer om det blir ett strömavbrott nu?	12999553	Wat gebeurt er als er nu een stroomstoring is?
3874164	Vad är det i kaffet?	13016208	Wat zit er in de koffie?
12218968	Jag pratar inte arabiska.	13016559	Ik spreek geen Arabisch.
12238870	Jag talar inte arabiska.	13016559	Ik spreek geen Arabisch.
12218985	Jag pratar inte polska.	13016562	Ik spreek geen Pools.
12240230	Jag talar inte polska.	13016562	Ik spreek geen Pools.
4370998	Tom bär en svart hatt.	13025951	Tom draagt ​​een zwarte hoed.
1074260	Hon gav mig de här gamla mynten.	13025971	Ze gaf me deze oude munten.
2699434	Hon kvävde honom med en kudde.	13025997	Ze verstikte hem met een kussen.
13042958	Alla fåglar har näbb.	13042129	Alle vogels hebben een snavel.
13042904	Och Gud såg att det var gott.	13042915	En God zag dat het goed was.
13064760	Framtiden kommer inte att byggas med makt eller önskan att erövra, utan på tålmodig tillämpning av den demokratiska metoden, enighetens konstruktiva anda och respekten för frihet.	13064614	De toekomst zal niet worden opgebouwd door middel van macht noch door veroveringszucht, maar door het volhardend toepassen van de democratische methode, de constructieve geest van overeenstemming, en door het eerbiedigen van vrijheid.
13100523	Björnar älskar bär.	13100517	Beren houden van bessen.
4359362	Vad äter måsar?	13108666	Wat eten meeuwen?
12288289	Jag har en tidning.	13116363	Ik heb een krant.
10753391	Vi överdriver.	13117374	We zijn aan het overdrijven.
13125644	Snabbt, vad är numret till 112?	13125698	Snel, wat is het telefoonnummer van de 112?
10692759	Jag måste säga upp min prenumeration.	13130031	Ik moet mijn abonnement opzeggen.
10692760	Jag måste avsluta min prenumeration.	13130031	Ik moet mijn abonnement opzeggen.
13192954	Tom är en nyttig idiot.	13193604	Tom is een nuttige idioot.
10597270	Jag skulle vilja checka ut.	13204079	Ik wil graag uitchecken.
13231422	Egypten är en gåva av Nilen.	13229817	Egypte is een geschenk van de Nijl.
3009130	Alla hundar är djur. Dock betyder det inte att alla djur är hundar.	13320886	Alle honden zijn dieren. Dat betekent echter niet dat alle dieren honden zijn.
13385142	Klockan är halv ett.	13385189	Het is half één.
13385235	Klockan är halv tolv.	13385232	Het is half twaalf.
13385370	Klockan är halv åtta.	13385369	Het is half acht.
