1399800	Parang malagnaw na sopas ang huntahan nila.	1399822	Ilia konversacio ŝajnas esti kiel diluita supo.
1405368	Naghintay ako nang matagal.	1405385	Mi atendis dum longa tempo.
743790	Mahilig magbasa ang lolo ko.	1591233	Mia avo ĝuis legi.
1599936	Ang mga rasista ay hindi edukado.	1599937	Rasistoj ne estas edukitaj.
1647550	Ang ating tunay na pag-asa ay may buhay sa mga ibang mundo.	1647560	Nia vera espero estas, ke ekzistas vivo en aliaj mondoj.
1824130	Nakakatuwa ang pagsasalita ng Ingles.	1910934	Paroli la anglan ĝojigas.
2007208	Natatandaan ko ang 1976.	2008509	Mi memoras pri la jaro 1976.
2207627	Maraming klaseng puto ang nakahanda sa mesa.	2207636	Multaj specoj da rizkukoj prezentiĝas sur la tablo.
1696958	Tingnan mo ako, at gayahin mo.	2471882	Rigardu min, kaj faru same.
1696971	Sinulat iyon ni Taro Akagawa.	2471887	Tio estis verkita de Taro Akagawa.
1798684	Gusto ko pang magsulat sa Esperanto.	2529579	Mi ankoraŭ ŝatas skribi en Esperanto.
2833573	Heto ang aking blog, na magpapakilala sa akin at maghahayag ukol sa aking pang-araw-araw na buhay.	2833574	Jen mia blogo, kiu prezentos min al vi kaj rakontos pri mia ĉiutaga vivo.
4002874	May pabrika ako ng artipisyal na bulaklak.	4005331	Mi havas manufakturon por artefaritaj floroj.
4890302	Kita natin ang mga malalaking oso ng gubat.	4919709	Ni vidas la grandajn ursojn de la arbaro.
4890279	Kita ko ang osong malaki ng gubat.	4919710	Mi vidas la urson grandan de la arbaro.
4749350	Maraming loro ang lumilipad sa halamang bakod ng kastilyo.	4919747	Estas multaj papagoj flugantaj ĉe la heĝo de la kastelo.
4749347	Maraming loro ang lumilipad sa bakuran ng kastilyo.	4919749	Estas multaj papagoj flugantaj ĉe la muro de la kastelo.
4749345	Maraming loro ang lumilipad sa tarangkahan ng kastilyo.	4919750	Estas multaj papagoj flugantaj ĉe la pordego de la kastelo.
1856430	Naiintindihan ko ang iyong sinasabi.	7433125	Mi komprenas kion vi diras.
8890313	Simula ng Pista ng mga Bituwin ang ika-7 ng Hulyo bawat taon.	8890318	Ĉiujare la 7an de julio komenciĝas la Stelfestivalo.
8980930	May asul na likido sa bote.	8980932	Estas blua likvo en la botelo.
8980936	May asul na likido sa malaking bote.	8980938	Estas blua likvo en la granda botelo.
8980940	May kulay-ubeng likido sa malaking bote.	8980942	Estas purpura likvo en la granda botelo.
8980943	May kulay-rosas na likido sa malaking bote.	8980944	Estas rozkolora likvo en la granda botelo.
8980945	May pulang likido sa malaking bote.	8980946	Estas ruĝa likvo en la granda botelo.
8980948	May dilaw na likido sa malaking bote.	8980950	Estas flava likvo en la granda botelo.
8980951	May puting likido sa malaking bote.	8980955	Estas blanka likvo en la granda botelo.
8980957	May berdeng likido sa malaking bote.	8980960	Estas verda likvo en la granda botelo.
9015794	Naging hayop na sila.	9015798	Ili fariĝis bestoj.
9028761	Tatlong klaseng gatas ang iniinom ko: gatas ng almendras, gatas ng abena, at gatas ng niyog; gusto ko sa umaga, sa tanghali, at sa hapon, at pinasingawan man o may yelo.	9028763	Mi trinkas tri laktospecojn: migdallakton, avenlakton, kaj kokoslakton; mi ŝatas matene, tagmeze, kaj posttagmeze, kaj eĉ vaporigite aŭ kunglacie.
9634741	Bumili ng tsokolateng ayskrim si Miguel sa mag-aayskrim.	9635412	Miĥaelo aĉetis ĉokoladan glaciaĵon el vendisto de glaciaĵo.
10044959	Ngayon, lahat ng itlog ay nasa isang buslo. Lahat ng tao ay nasa Tiyera.	10044961	Nuntempe ĉiuj ovoj estas en unu korbo. Ĉiuj homoj estas sur Tero.
10329750	Matanda na si Brenna. Ang kagalitan at kainggitan ay mga emosyon niya.	10329784	Brenna estas maljuna. Kolero kaj ĵaluzo estas ŝiaj emocioj.
10332783	May mga iniisip si Rose, yaong Pilipinang tindera sa pizzeria sa Isla Lulu. Hindi siya pa desidido kung mag-aaral pa siyang maging asistente sa titser. Mga limang buwan ang planong edukasyon, pero kailangan niyang iwanan ang pizzeria dahil full-time. Lalaki ang panganay niya, at babae ang bunso. Sa gabi nagtratrabaho ang asawa niyang nadating nang mga alas-sais ng umaga sa condo nila. Sinundo ni Rose ang nanay niyang nakatira sa Cagayan sa Pilipinas (at patay nang matagal ang tatay niya). Nagmahigit nang isang taon ang nanay niya sa Isla Lulu, pero nalungkot siya at bumalik na sa Cagayan.	10332795	Roza, la filipina vendistino en la picejo sur Lulu-insulo, havas kelkajn pensojn. Ŝi ankoraŭ ne decidis, ĉu ŝi studos por iĝi instruista asistantino. La edukplano estus ĉirkaŭ kvin monatoj, sed ŝi devus forlasi la picejon, ĉar ĝi estus plentempa. Ŝia plej aĝa ido estas knabo, kaj ŝia plej juna estas knabino. Nokte, ŝia edzo laboras kaj alvenas al ilia posedapartamento ĉirkaŭ la sesa matene. Roza prenis sian patrinon, kiu loĝas en Kagajano en Filipinoj (kaj ŝia patro mortis delonge). Ŝia patrino estis sur Lulu-insulo pli ol unu jaron, sed ŝi malĝojis kaj revenis al Kagajano.
10317650	Natagpo ko noong ika-23 ng Setyembre ng 2021 si Bob na kapatid ni George, yaong Tsipreng Griyegong kapitbahay ko sa Isla Lulu. (Haponesa ang asawa ni George, si Chika.) Bumibisita si Bob sa pamilya dahil sa kamatayan ni Thasso, ang ama nila at asawa ni Nikki, dahil sa coronavirus. Sabi ko kay Bob, natatandaan ko noong maliit na bata pa silang nagbibisikleta ni George sa pook namin. Binanggit kong masarap ang "fish and chips" sa London. Nakatira raw siya sa isang nayong malapit sa York sa norteng Inglatera. Sabi ko'y maganda sa Lumang Mundo at matagal ko nang nais tumira sa Lumang Mundo. Manedyer pangkompyuter daw si Bob sa Inglatera. Tungkol daw sa programasyon ng mga "obheto."	10336938	Mi renkontis je la 23-a de septembro de 2021 Bob-on, la fraton de Georgo, tiu mia grek-cipra najbaro sur Lulu-insulo. (La edzino de Georgo, Ĉika, estas japanino.) Bob vizitas la familion pro la kronvirusa morto de Thasso, ilia patro kaj la edzo de Nikki. Mi diris al Bob, ke mi memoras, kiam Georgo kaj li estis malgrandaj infanoj biciklantaj en nia najbarejo. Mi menciis la bongustajn fiŝaĵon kaj terpomfritaĵojn en Londono. Li laŭdire loĝas en vilaĝo apud Jorko en norda Anglujo. Mi diris, ke la Malnova Mondo estas bela kaj mi longe volis loĝi en la Malnova Mondo. Bob estas komputika administranto en Anglujo. Li diras, ke temas pri programado de "objektoj".
10337051	May iniisip si Kuya Gary. Ang ingklinasyon niya ngayon tungkol sa karamihan ng mga tao ay para silang bombilya. Isip yata niyang kung pundido na ang bombilya, talagang absolutong katapusan na. Sabi ko sa kanya'y para akong Vorlon, ang alusyon ko sa mga tagaibang-daigdig sa siyensiyang piksiyong prangkisang Babylon 5.	10337068	Frato Gary pensas pri io. Lia emo nun pri plej multaj homoj estas, ke ili estas kiel ampoloj. Li ŝajne pensas, ke se la bulbo ĉesus ŝalti, tio estus absoluta fino. Mi diris al li, ke mi similas al vorlono, mia aludo al la eksterteranoj en la sciencfikcia franĉizo Babylon 5.
10345138	Natagpo ko si Michael na Tsino noong ika-5 ng Oktobro ng 2021 sa kapihang Istarbaks sa Isla Lulu. Malimit siyang mag-Venti Americano, at ako naman ay Mayelong Tsaang Berdeng Grande. Pinag-usapan namin ang Taylandiya. Masarap ang pagkain doon. May nabanggit siyang islang Ko Pha-ngan sa Taylandiya. May mga nudista raw doon. Masarap daw sa Pilipinas, dahil sa prutas araw-araw. Sabi ko'y natikman ko ang "prutas ng ahas" o "salak" sa Indonesia. Mahilig kaming pareho sa durian at mangga.	10345139	Mi renkontis Miĥaelon la ĉino la 5-an de oktobro de 2021 en la kafejo Starbukso sur Lulu-insulo. Li ofte trinkas je Venti Americano, kaj mi ŝatas mezgrandan glacian verdan teon. Ni parolis pri Tajlando. La manĝaĵo tie estas bongusta. Li menciis la insulon Ko Pha-ngan en Tajlando. Estas nudistoj tie laŭdire. Li diris, ke estas bonege en Filipinoj, pro la fruktoj ĉiutage. Mi diris, ke mi gustumis "serpentan frukton" aŭ "salak"-on en Indonezio. Ambaŭ ni amas durianon kaj mangon.
10345310	Nabanggit ko kay Michael na Tsino ang bisita ko noong Gradong 6 sa Isla Galiano, at nakita ko roon ang maraming harding ahas na iba-ibang kulay sa mga damo. Kinuha ng mga kaklase ko, at nilagay nila sa kahon para iuwi nila sa Isla Lulu. Nakakita raw si Michael ng harding ahas dito sa Isla Lulu, sa malapit sa Daang Numero 7. Hindi ko alam na may ahas pala rito. Sabi ni Michael na hindi siya mamamayan dito, at nagpapabago siya ng kanyang bisang pangbisita bawat taon. Ang asawa at mga anak niya ay mamamayan dito. Sabi ko'y sa Isla Bali sa Indonesia, natikman ko na ang "bunga ng ahas" o "salak" ang tawag doon.	10349178	Mi menciis al Miĥaelo la ĉino, ke mi vizitis dum la klaso 6 al Galiano-insulo, kaj tie mi vidis multajn ĝardenajn serpentojn diverskolorajn en la herbo. Miaj samklasanoj prenis ilin, kaj ili metis ilin en skatolojn por porti hejmen al Lulu-insulo. Miĥaelo supozeble vidis ĝardenan serpenton ĉi tie sur Lulu-insulo, proksime al Stratego Numero 7. Mi ne sciis, ke ĉi tie ekzistas serpentoj. Miĥaelo diras, ke li ne estas civitano ĉi tie, kaj li renovigas sian vizitantan vizon ĉiujare. Liaj edzino kaj infanoj estas civitanoj ĉi tie. Mi diris, ke sur Bali-insulo en Indonezio, mi gustumis la "serpentan frukton" aŭ "salak"-on kiel ĝi nomiĝas tie.
10345934	Natagpo ko si Rafael sa tsaahang Zuzu rito sa Isla Pantasya sa Sinonesia. Malimit siya nang Venti Latte Blu, at ako naman ay Mayelong Berdeng Tsaang Grande. Dalawang taon na raw si Rafael dito sa Sinonesia sa bisang pangbisita, at gusto niyang maging mamamayan dito. Nagagandahan siya sa kalikasan. Maraming hayop at halaman. Gusto niya ang mga bungang tropikal araw-araw.	10349183	Mi renkontis Rafaelon en la teejo Zuzu ĉi tie sur Fantazia Insulo en Sinonezio. Li ofte trinkas je Venti Latte Blu, kaj mi havas mezgrandan glacian verdan teon. Laŭdire Rafaelo estis ĉi tie en Sinonezio dum du jaroj per vizo de vizitanto, kaj li volas esti civitano ĉi tie. Li ŝatas la belecon en la naturo. Estas multaj bestoj kaj plantoj. Li ŝatas tropikajn fruktojn ĉiutage.
10314384	Kinausap ko si Michael na Tsino sa kapihang Istarbaks ngayong maaraw na ika-21 ng Setyembre ng 2021. Talagang mas mukha siyang Hapon sa akin at iba. Tinanong niya ako kung "miss" ko raw ang "hometown" ko. Sabi ko, gusto ko ang pareho. Narito na ako sa Isla Lulung matagal na ang sabi ko. Sabi ko, pulang "savannah" ang tinirhan ko sa Pilipinas. Tapos, tiningnan niya ang "savannah" sa smartphone niya. Ang pasaporte raw niya ay sa Tsina, dahil mayroon siyang lupa o rental property sa Guǎngzhōu sa Tsina. Pinag-usapan namin ang korupsiyong internasyonal. Magbibisita raw ang pamilya niya sa Mongolia. Alam kong maganda roon. Mahirap daw sa mga restawran ngayon dahil ng Pandemya. Kung marunong daw akong magluto nang sarili, ang tanong ni Michael. Sabi ko, may sarili akong mga recipe.	10349297	Mi parolis kun Miĥaelo la ĉino en la kafejo Starbukso ĉi tiun sunbrilan 21-an de septembro de 2021. Li vere aspektas pli kiel japano laŭ mi kaj aliaj. Li demandis al mi, ĉu mi "sopiras" mian "hejmurbon". Mi diris, ke mi ŝatas ambaŭ. Mi estis sur Lulu-insulo delonge, mi diris. Mi diris, ke ruĝa "savano" estas kie mi loĝis en Filipinoj. Poste, li rigardis "savano" per sia saĝtelefono. Li diris, ke lia pasporto estas de Ĉinio, ĉar li havas teron aŭ lueblajn posedaĵojn en Guǎngzhōu en Ĉinio. Ni parolis pri internacia korupteco. Li diris, ke lia familio vizitos Mongolion. Mi scias, ke estas bele tie. Li diras, ke estas malfacile en restoracioj hodiaŭ pro la Pandemio. Se mi povus kuiri sola, Miĥaelo demandis. Mi diris, ke mi havas miajn proprajn receptojn.
10349974	Nililigawan siya, kasi mukha siyang lalaki.	10349976	Ŝi estas svatata, ĉar ŝi aspektas kiel viro.
10350024	Mas gusto nila ang mga babaeng maskulino.	10350028	Ili preferas virajn virinojn.
10350572	Idisenyo ang iyong buhay upang sulitin ang pamumuhay.	10350574	Projektu vian vivon, do indas vivi.
10355220	May ilang sistema para isulat ang wikang Hokkien: mga logogramang may kasamang mga Bopomofo, mga logogramang may kasamang mga Katakana, mga logograma, mga logogramang may kasamang mga letrang Romano, at ilang sistemang ginagamit ang mga letrang Romano lamang: Pe̍h-ōe-jī (POJ), Bbánlám pìngyīm, Daighi tongiong pingim, Modernong Literal na Taywanes (MLT), Phofsit Daibuun, Tâi-uân Lô-má-jī Phing-im Hong-àn, at Taywang Lengguwaheng Ponetikong Alpabeto (TLPA). Mayroong hindi mababa sa 11 metodong pagsusulat ang wikang Hokkien.	10360131	Ekzistas kelkaj sistemoj por skribi la hoklan: per logogramoj kun bopomofoj, per logogramoj kun strekaj kanaoj, per logogramoj, per logogramoj kun romliteroj, kaj per kelkaj romliteraj sistemoj, nome Pe̍h-ōe-jī (POJ), Bbánlám pìngyīm, Daighi tongiong pingim, Moderna Laŭvorta Tajvana (MLT), Phofsit Daibuun, Tâi-uân Lô-má-jī Phing-im Hong-àn, kaj la Tajvanlingva Fonetika Alfabeto (TLPA). Ekzistas almenaŭ 11 metodoj por skribi la hoklan, la hokkienan.
10360146	Sa planeta ni Donaldo, morado ang mga halaman.	10360155	Sur la planedo de Donaldo, la plantoj estas purpuraj.
10360147	Sa planeta ni Donaldo, maitim ang mga halaman.	10360159	Sur la planedo de Donaldo, la plantoj estas nigretaj.
10360149	Sa planeta ni Donaldo, may paa ang mga halaman.	10360167	Sur la planedo de Donaldo, plantoj havas piedojn.
10360150	Sa planeta ni Donaldo, may kamay ang mga halaman.	10360171	Sur la planedo de Donaldo, plantoj havas manojn.
10360152	Sa planeta ni Donaldo, may utak ang mga halaman.	10360176	Sur la planedo de Donaldo, plantoj havas cerbojn.
10361077	Nagdududa ang ilan kung lalampasan ng artipisyal na intelihensiya ng makina ang natural na intelihensiya ng tao.	10361084	Iuj dubas, ĉu artefarita maŝina inteligenteco superos naturan homan inteligentecon.
10365129	Nagregular ako ng aking Mayelong Berdeng Tsaang Grande sa kapihang Istarbaks. Dumating si Michael na Tsinong may dalang dalawang bungkos ng saging. Nag-order siya ng kanyang malimit na Venti Americano. Sa lamesa, kumain kami nang bawat isang saging niya. Pinag-usapan namin ang punsoy tungkol sa mga templo at mga bahay. Budista raw ang pamilya niya. Tapos, pinag-usapan namin ang coronavirus na "sekretong armas" ng siyentipiko ng militar ng sekretong bansa. Dumating si Hans na Olandes sa upuang de gulong niya. Pinag-usapan namin ang politika sa Canada at Estados Unidos. Talagang ibang lengguwahe ang ginagamit ko bawat kay Hans at kay Michael. Sang-ayon kaming ang isip ay mas importante sa katawan ng tao. Nagsasaya kaming bata pa kami ay nagbiyahe na kami nang mabuti at bata pa ring nagkakapihan na lamang.	10365130	Mi mendis mian oftan mezgrandan glacian verdan teon ĉe la kafejo Starbukso. Miĥaelo la ĉino alvenis kun du faskoj da bananoj. Li mendis sian oftan Venti Americano. Ĉe la tablo, ni manĝis po unu el liaj bananoj. Ni parolis pri la fengŝuo pri temploj kaj domoj. Lia familio laŭdire estas budaistoj. Poste, ni parolis pri la kronvirusa "sekreta armilo" de la milita sciencistaro de sekreta lando. Hans la nederlandano alvenis en sia rulseĝo. Ni parolis pri politiko en Kanado kaj Usono. Mi vere parolas malsamajn lingvojn kun Hans kaj kun Miĥaelo. Ni konsentas, ke la menso pli gravas ol la korpo je homoj. Ni ĝojas pensi, ke kiam ni estis pli junaj, ni vojaĝis bone, kaj kiam ni estas ankoraŭ junaj, ni nur amuziĝas en kafejo.
10317958	Natagpo ko si Sherie sa eskinita noong ika-23 ng Setyembre ng 2021, sa Isla Lulu. May lahing Amerindiyong Cree at Pranses siya. Mayroon siyang artipisyal na pangil nang bampira, dahil Gotika siya. Binibiro ko siyang malapit na ang paborito niyang panahon ng Halloween. Sang-ayon kaming malungkot para sa mga bata ang Halloween ngayon dahil ng Pandemya.	10365328	Mi renkontis Ŝerion en la strateto la 23-an de septembro de 2021, sur Lulu-insulo. Ŝi havas sangon el kri-indianoj kaj francoj. Ŝi havas artefaritajn vampirajn dentegojn, ĉar ŝi estas gotika. Mi ŝercas al ŝi, ke ŝia plej ŝatata sezono de Haloveno alproksimiĝas. Ni konsentas, ke Halovenoj estas malĝojaj por infanoj hodiaŭ pro la Pandemio.
10366387	Noong nagising ako sa umagang ika-16 ng oktubre ng 2021, natatandaan ko ang panaginip ko tungkol sa eksamen sa sulat sa wikang Lojban.	10366392	Kiam mi vekiĝis matene la 16-an de oktobro de 2021, mi memoris mian sonĝon pri ekzameno skribata en la loĵbana lingvo.
10366980	Sabi ni Michael na Tsinong magteykawt daw kami ng sushi para kainin sa malapit na kapihan.	10367099	Miĥaelo la ĉino diris, ke ni iam transprenu suŝiojn por manĝi ĉe la proksima kafejo.
10366825	Sabi ko kay Michael na Tsinong maraming Pilipino ay nagtratrabaho sa Gitnang Silangan, pero hindi sila puwedeng maging mga sitisen.	10367104	Mi diris al Miĥaelo la ĉino, ke multaj filipinanoj laboras en Mezoriento, sed ili ne povas fariĝi civitanoj.
10366843	Sabi ko kay Michael na Tsinong natikman ko na ang pagkain ng Ethiopia sa restawran sa Vancouver, BC. May malaking parang pankeyk na ang tawag ay "injera," at ginagamit ito para isubo ang ulam nang kamayan.	10367132	Mi diris al Miĥaelo la ĉino, ke mi jam gustumis etiopian manĝaĵon en restoracio en Vankuvero, BK. Estis granda krespeskaĵo nomata "inĝera", kaj oni kutimis verŝi la pladon permane per ĝi.
10367322	Sinabi sa akin ni Hans na Olandes na nakakita siya nang libu-libong mga gansa sa Isla Lulu.	10367328	Hans la nederlandano diris al mi, ke li vidis milojn da anseroj sur Lulu-insulo.
10367084	Pinag-usapan namin ni Michael na Tsinong ang penomenong umaalis ang mga mayaman sa mahirap na bansa, pero sa kinabukasan, sila'y nabalik kung mas magaling ang panahon.	10367718	Mi kaj Miĥaelo la ĉino parolis pri la fenomeno de riĉuloj forlasantaj sian malriĉan landon, sed estonte ili revenos, kiam la vetero estos pli bona.
10372589	Sabi sa Hudyong Talmud, dinadalaw daw ng Diyos bawat gabi ang 18 000 daigdig.	10372590	Laŭ la juda Talmudo, Dio vizitas 18 000 mondojn ĉiunokte.
10367363	Mas nakakaaburido sa tao ang wikang walang regularidad. Nakakasira ng ulo.	10380548	Lingvo sen reguleco pli enuigas homojn. Ĝi estas freneziga.
10458303	Para akong mongheng nagbabasa sa mga aklatan ng mga unibersidad.	10458611	Mi estis kiel monaĥo leganta en universitataj bibliotekoj.
10461109	Nakita ko si Miguel na Tsino sa kapihang Istarbaks sa Isla Lulu nang ika-25 ng Oktubre ng 2021. Nakasuot siya ng itim na dyaket para sa motorsiklo. Mayroon daw siyang motorsiklong Ducati ng Italya. Binanggit niya ang isang babaeng nagkantot ng tatlong ibang lalaki sa jacuzzi. Pinag-usapan namin ang mga seksong sakit. Tapos, pinag-usapan namin ang mga diaspora ng mga Tsino sa mundong ito. Ang mga Kantones ay sa Anglospera. Ang mga Hokkien ay sa Taiwan at Timog-silangang Asya. Hokkien ang mga ninuno ko, sabi ko. Binanggit niya ang mga Taga-Wenzhou, yaong maraming pumunta'y sa Europa.	10461199	Mi vidis Miĥaelon la ĉino ĉe la kafejo Starbukso sur Lulu-insulo la 25-an de oktobro de 2021. Li portis nigran motorciklan jakon. Li diris, ke li posedas Ducati-motorciklon el Italio. Li menciis virinon, kiu fikis tri malsamajn virojn en kirlakva banujo. Ni parolis pri seksaj malsanoj. Poste, ni parolis pri la diasporoj de la ĉinoj en ĉi tiu mondo. La kantonanoj estas en la Anglosfero. La hokkienoj estas en Tajvano kaj Sudorienta Azio. Miaj prapatroj estis hokkienoj, mi diris. Li menciis la Wenzhou-anojn, el kiuj multaj iris al Eŭropo.
10462788	Sabi ni Rosa, yaong Pilipinang tindera sa pizzeria sa Isla Lulu, na mabuti raw na lakad ako nang lakad araw-araw. Mayroon daw siyang bisikletang ginamit niya dati para pasyalan sa tabi ng ilog at sa tindahan ng ayskrim, pero nakakasakit daw sa katawan.	10462819	Roza, la filipina vendistino de la picejo sur Lulu-insulo, diris, ke estas bone por mi promeni ĉiutage. Ŝi diris, ke ŝi havas biciklon, kiun ŝi kutimis uzi por viziti la riverbordon kaj la glaciaĵbutikon, sed tio dolorigis ŝian korpon.
10467173	Ibang henerasyon ka!	10467174	Vi estas el malsama generacio!
10467218	Para kayong si Tita Nedy!	10467219	Vi estas kiel onklino Nedi!
10481909	Akala ninyo'y nasa impiyerno na kayo. Tiyera pa ito.	10481913	Vi pensas, ke vi estas jam en la infero. Estas ankoraŭ la Tero.
10494981	Parang naging aso sila.	10494982	Ŝajne ili fariĝis hundoj.
10511139	Alam kong parang naliliyo kayo dahil sa wika ninyo.	10511141	Mi scias, ke vi ŝajnas konfuzata pro via lingvo.
10511173	Mukhang banal sa akin ang mga Amerindiyo.	10511174	Indianoj ŝajnas al mi sanktaj.
10511179	Mukhang banal sa akin ang mga gubat.	10511180	La arbaroj ŝajnas al mi sanktaj.
10529542	Ulan nang ulan ngayon dito sa Isla Lulu. Para akong nasa Ferenginar.	10529544	Pluvas kaj pluvas nun ĉi tie sur Lulu-insulo. Estas kvazaŭ mi estas sur Ferenginar.
10529968	May mga unggoy sa gubat na may maraming puno ng mangga.	10529987	Estas simioj en la arbaro kun multaj mangoarboj.
10529969	May mga unggoy sa gubat na may maraming puno ng saging.	10529990	Estas simioj en la arbaro kun multaj bananarboj.
10529980	May mga unggoy sa gubat na may maraming puno ng bayabas.	10529996	Estas simioj en la arbaro kun multaj gujavarboj.
10530917	May mga unggoy sa tabi ng mga puno ng saging sa gubat.	10530920	Estas simioj apud la bananarboj en la ĝangalo.
10530918	May mga unggoy sa tabi ng mga puno ng niyog sa gubat.	10530921	Estas simioj apud la kokosarboj en la ĝangalo.
10530919	May mga unggoy sa tabi ng mga puno ng bayabas sa gubat.	10531126	Estas simioj apud la gujavarboj en la arbaro.
10534940	May mga unggoy na lumalangoy sa ilog na may mga puno ng saging sa tabi.	10534943	Estas simioj naĝantaj en la rivero kun bananarboj apud ĝi.
10534945	May mga unggoy na lumalangoy sa ilog na may mga puno ng niyog sa tabi.	10534948	Estas simioj naĝantaj en la rivero kun kokosarboj apud ĝi.
10535010	May mga matsing na lumalangoy sa ilog na may mga puno ng dalandan sa tabi nito.	10535011	Estas simioj naĝantaj en la rivero kun oranĝarboj apud ĝi.
10535012	May mga matsing na lumalangoy sa ilog na may mga puno ng kalamansi sa tabi nito.	10535013	Estas simioj naĝantaj en la rivero kun kalamondinarboj apud ĝi.
10535041	May mga unggoy sa loob ng kuwebang madilim.	10535042	Estas simioj en la malluma kaverno.
10535043	May mga unggoy sa loob ng kuwebang malaki.	10535044	Estas simioj en la granda kaverno.
10535045	May mga unggoy sa loob ng kuwebang maliit.	10535046	Estas simioj en la malgranda kaverno.
10535047	May mga unggoy sa loob ng kuwebang maganda.	10535049	Estas simioj en la bela kaverno.
10311366	Ayon sa Shinto, sa kamatayan ng tao, may ilang posibleng destinasyon: sa malayong kabila ng karagatang may buhay-bata, sa di kitang mundong astral, sa mundo-ilalim, o kaya sa kabundukan para magguwardiya ng buhay pang pamilya. Sa Shinto, ang paniwala ay may posibilidad na ang tao ay maging "kami." Marami ang kami at kung tawagin minsan ay "kamigami." Kung minsan, ang tawag ng mga Hapones sa Diyos ay "Kami-sama." Malimit din ang kami ay espiritu o anito, di lamang diyos, ang ibig sabihin.	10564092	Laŭ ŝintoismo, ĉe la morto de homo, ekzistas pluraj eblaj cellokoj: en la juna vivo for preter la oceano, en la nevidebla astra mondo, en la submondo, aŭ ĉe la montoj por gardi familiajn postvivantojn. En ŝintoismo, la nocio ekzistas, ke homo eble iĝas "kami". Estas multaj el "kami", kaj oni kelkfoje nomas ilin "kamigami". Kelkfoje, la japanoj nomas Dion "Kami-sama". Ofte, "kami" ankaŭ signifas spiritojn aŭ animojn, ne nur diojn.
10621534	Wala talaga tayong dalandan, pero may ubas.	10621538	Ni ne vere havas oranĝojn, sed estas vinberoj.
1833280	Ngayon, maghapunan ka na.	10634858	Manĝu vian manĝaĵon nun!
10669912	Bakit parang inaapi kayo? Wala na kayong pagkamagalang sa Internet. Sanay na kayo. Parang barbaridad na. Dapat nasa kuweba kayo.	10669913	Kial vi ŝajnas subpremita? Vi ne plu havas interretan ĝentilecon. Vi alkutimiĝas al tio. Estas kiel barbareco. Vi estu en la kaverno.
10749886	May magmamanyika sa kalagitnaan ng sirko. Tawa ang mga tao.	10749887	Estas marioneto meze de la cirko. Homoj ridas.
10750907	May mga magmamanyika sa kalagitnaan ng sirko. Tawa ang mga tao.	10750909	Estas marionetoj meze de la cirko. Homoj ridas.
10751099	Ginagamit ko ang kloro para linisin ang mga kulay-ubeng bituing-dagat. Tapos, binibilad ko sila.	10751100	Mi uzas kloron por purigi la purpurajn marstelojn. Poste, mi sekigas ilin sub la sunbrilo.
10811054	Hindi kayo naniniwala sa kagandahan, kaya gusto ninyong mamatay na.	10811055	Vi ne kredas je beleco, do vi volas morti.
10815295	Nakita mo ba ang kulay-rosas na elepante?	10815485	Ĉu vi vidis rozkoloran elefanton?
10815565	Hindi nila naiintindihan ang tunay na kadakilaan ng bansang ito.	10815566	Ili ne komprenas la veran grandecon de ĉi tiu lando.
10815568	Ang labas ng bahay sa balkon ay hindi parang nasa loob ng isang maliit na awto.	10815569	La ekstero de la domo sur la balkono ne estas kiel esti ene de malgranda aŭto.
11183815	Nitong umaga nang ika-16 ng Oktubre ng 2022, sa Isla Lulung parke, papuntang pizzeria ako, nakita ko si Michael na Danes-Pranses na naninigarilyo. Bughaw ang langit. Maaraw. Nakita raw niya ang pinakaunang niyebeng gansa nitong panahon.	11188572	Ĉi-matene la 16-an de oktobro de 2022, en la parko sur Lulu-insulo, irante al la picejo, mi vidis Miĥaelon la dano-franco, kiu fumis. La ĉielo estis blua. Estis sunbrile. Li diris, ke li vidis la unuan neĝan anseron ĉi-sezone.
11207286	"Oṃ maṇi padme hūṃ" ay Sanskritong mantra sa Budismong ang ibig sabihin ay "Papuri sa hiyas sa lotus" at kondensadong porma ng mga tinuturo ng Budismo.	11207287	"Oṃ maṇi padme hūṃ" estas en Budaismo sanskrita mantro, kiu signifas "Laŭdon al la juvelo en la lotuso" kaj estas densigita formo de budaisma instruo.
11264672	Ang Ingles ay hindi bagay para sa mga mamayaman.	11264674	La angla ne taŭgas al riĉuloj.
11339760	Primitibong buhay lamang iyan.	11339761	Tio estas nur primitiva vivo.
11687167	Sa tsaahan ngayong malamig at umuulang umaga nang ika-16 ng Abril ng 2023, umiinom ako ng Istrobering Abenang Matchang Latte at kumakain ng mga tsip na patatas. Ang baristang gumawa ng inumin ko ay isang Ingles-Hapones na mestisong si Chris. May regular na kostumer na dumating. Matangkad at malaking lalaking kayumanggi ang buhok, at kasama niya ang maliit na anak niyang babaeng mukhang Inglesa-Intsik na mestisa. Sa isang mesa, may mga regular nang mga Sabado at Linggo. May isang Ingles, Latino, at Intsik na atletiko. Kausap nila si Brian na maitim ang buhok at balbasing Eskoses na mayaman. May tagawalis sa parking lot. Bumbay siyang Taga-Fiji. Ang pangalan ay Benny.	11687280	Ĉe la teejo dum ĉi tiu malvarma kaj pluva mateno de la 16-a de aprilo de 2023, mi trinkis fragan avenan matĉan lateon kaj manĝis fritojn. La baristo, kiu faris mian trinkaĵon, estis Chris, angla-japana miksrasulo. Venis kutima kliento. Estis alta, granda viro kun bruna hararo, kaj kun li estis lia filineto, kiu aspektis kiel angla-ĉina miksrasulino. Ĉe unu tablo, estis regulaj klientoj dum sabatoj kaj dimanĉoj. Estis anglo, latineskulo, kaj ĉino kun atleta aspekto. Ili parolis kun Brian, kiu estis riĉa skoto kun malhelaj hararo kaj barbo. Estis balaisto en la aŭtomobila parkejo. Li, baratano, devenis de Fiĝioj. La nomo estis Benny.
11687995	Tumuloy umulang malakas pasado nang alas 10 nang umaga ng ika-16 ng Abril ng 2023 rito sa Isla Lulu. Naglakad muli ako. Malamig sa labas. Tapos, nasa pizzeria akong kumakain ng isang pirasong may pepperoni at umiinom ng Diet Cola. Ang tindero ay si Sachet, isang Bumbay na nakikinig sa radyo sa lengguwaheng Hindi, yata. Binabasa ko nang malakas ang Pranses na librong L'Empire romain ni Pierre Grimal, tungkol sa Imperyong Romano. Kaunti ang mga kustomer na dumating sa pizzeria dahil sa ulan.	11688090	Daŭre pluvegis post la 10-a matene la 16-an de aprilo de 2023 ĉi tie sur Lulu-insulo. Mi denove marŝis. Estis malvarme ekstere. Poste, mi estis en la picejo manĝante tranĉaĵon kun peperonio kaj trinkante Dietan Kolaon. La vendisto estis Saĉet, baratano, kiu aŭskultis la radion per la hindia lingvo, verŝajne. Mi voĉlegis la franclingvan libron L'Empire romain de Pierre Grimal, pri la Romia Imperio. Malmultaj klientoj venis al la picejo pro la pluvegado.
11994554	Ang buhay ay tubig, hindi bato.	11994555	La vivo estas akvo, ne ŝtono.
11996120	"Mas gusto mo ang sarili mong imahinasyon," sabi ni Dennis kay Vo.	11996121	"Vi preferas vian propran imagon," Dennis diris al Vo.
11996136	"3.14," sabi ni Simar kay Vo.	11996140	"3,14", diris Simar al Vo.
12161902	May ilusyon tayo ng kalayaan, pero mga alipin tayo.	12161908	Ni havas la iluzion pri la libereco, sed ni estas sklavoj.
13067883	Hindi bata ang lipunan.	13067884	La socio ne estas juna.
13358797	Nang umaga ng ika-21 ng Hulyo ng 2025, habang naglalakad sa kalye, bulong ko: "Tutubi!" May lumilipad na tutubi. Sa hapon, pumunta ako sa Parkeng Timog na Braso, dito sa Isla Lulu. Nagbabarbikyu ang mga kayumanggi. Nagtetenis ang mga dilaw. Ang mga puno ay templo para sa akin. Lunes ngayon.	13358801	Matene de la 21-a de julio de 2025, dum mi promenis sur la strato, mi flustris: "Libelo!" Libelo preterflugis. Posttagmeze mi iris al la Parko Suda Brako, ĉi tie sur Lulu-insulo. Brunuloj barbakuis. Flavuloj ludis tenison. La arbaro estas templo por mi. Estas lundo hodiaŭ.
