1289221	Babam işe arabayla gider.	1979301	Min far kører på arbejde.
1280283	Odama gelme.	1979365	Lad være med at komme ind på mit værelse.
1071554	Çalışmak ya da üniversiteye gitmek arasında karar veremiyorum.	1979381	Hun kan ikke blive enig med sig selv om hun skal få sig et arbejde eller begynde på universitetet.
1965556	Her sabah genellikle saat kaçta kalkarsın?	1979613	Hvad tid står du normalt op om morgenen?
1979774	Mademki bir söz verdin, onu tutmalısın.	1979776	Når du lovet noget, må du også overholde det.
509300	Burada daha uzun kalmak istiyorum.	2279083	Jeg vil gerne blive her længere.
1046298	Onlar bana ödeme yaparsa, onu yaparım.	2289819	Jeg vil gøre det, hvis de betaler mig.
478375	O çok iyi yemek yapar.	2289827	Hun er meget god til at lave mad.
764688	Eğer yanlış yaparsam beni düzelt	2289836	Ret mig hvis jeg laver fejl.
1061730	Babam alışveriş yaparken annem arabada kaldı.	2289857	Mor blev i bilen mens far handlede ind.
858628	Beş kişilik bir aileyiz.	2293841	Vi er en familie på fem.
459505	Ben evdeyim.	2293850	Jeg er hjemme.
2072438	Bana Tom diyebilirsin.	2328623	Du kan kalde mig Tom.
1043119	Yürüyüş için dışarı çıkabilir miyim?	2328647	Må jeg gå en tur ud?
1262448	Ben oynamak için dışarı çıkabilir miyim?	2328654	Må jeg gå ud og lege?
1385099	Bütün gün sizi bekledik.	2338898	Vi ventede på dig hele dagen.
872097	Onu saatlerce beklediler.	2338910	De ventede på ham i timevis.
1144027	Tom bu sabah ilacını almayı unuttu.	2338924	Tom glemte at tage sin medicin i morges.
718106	Londra'dan New York'a uçtuk.	2338959	Vi fløj fra London til New York.
1032414	Bebek uyandı mı?	2338995	Er babyen vågnet op?
486403	Almanca konuşmuyorum.	2347471	Jeg taler ikke tysk.
1645671	Yokohama güzel bir liman şehridir.	2348885	Yokohama er en smuk havneby.
1650442	Şehri asla tekrar ziyaret etmeyecek.	2348886	Han vil aldrig besøge byen igen.
2188939	Onun çocukları var mı?	2348911	Har hun børn?
706329	Bizim iki çocuğumuz var.	2348919	Vi har to børn.
1036033	Ben herkesi hatırladım.	2355052	Jeg huskede alle.
1411780	İngilizce çalışmaya başladın mı?	2355111	Er du begyndt at lære engelsk?
1049877	Ben az önce odamı temizledim.	2355144	Jeg har netop gjort mit værelse rent.
2077990	Hiç sigara içtin mi?	2355616	Har du nogensinde røget?
1022730	O bir süre dinlendi.	2355617	Han hvilede for en stund.
1988262	Oğlun için ilginç bir kitap seçtin mi?	2355623	Har du valgt en interessant bog til din søn?
515383	Muhabir: Ona bir yavru kedi mi almıştınız?	2355626	Journalist: Købte De en kattekilling til hende?
1038377	Ben bugün çok yorgundum.	2355715	Jeg var meget træt i dag.
479292	Konserde çok fazla kişi vardı.	2355731	Der var for mange mennesker til koncerten.
1274344	Kitabı okumalıyım.	2365887	Jeg bør læse bogen.
1271436	O erken kalkıyor.	2377077	Han står tidligt op.
1283667	O nereden kalkıyor?	2377078	Hvor afgår det fra?
1212022	Yardım etmek için yapabileceğim bir şey var mı?	2381243	Er der noget jeg kan gøre for at hjælpe?
1421228	Başka birine sormak zorunda kalacaksın.	2381252	Du er nødt til at spørge en anden.
872091	O her zaman aptal sorular soruyor.	2381254	Han stiller hele tiden dumme spørgsmål.
858432	Birçok şeyden bahsettik.	2381256	Vi talte om mange ting.
1283722	Kapıyı maviye boyadı.	2394081	Han malede døren blå.
778925	Onun adı bu kasabada herkesçe bilinmektedir.	2429168	Hans navn er kendt af alle i denne by.
2792794	Bu adam nereye gitti?	2796093	Hvor gik den mand hen?
2000217	Başka bir şey var mı?	2796100	Ellers andet?
1271918	Tom daha fazla kahve istiyor.	2796101	Tom ønsker mere kaffe.
1014645	O benim erkek kardeşimden daha büyük görünüyor.	2796102	Han ser ældre ud end min bror.
2532645	O bizim işimiz.	2796104	Det er vores job.
1487394	Kiminle gideceksin?	2796105	Hvem vil du gå med?
2650479	Sen dolandırıcısın.	2796106	Du er skarp.
2483657	Seks benim için önemli.	2853413	Sex er vigtigt for mig.
859967	Ben seni bekleyemem.	3048544	Jeg kan ikke vente på dig.
1669243	Çok çalıştı, ve hasta oldu.	3533554	Han arbejdede for hårdt og blev syg.
1735356	Başarısını çok çalışmaya bağlar.	3536860	Han tilskriver sin succes hårdt arbejde.
1329577	Biz onu evimize davet ettik.	3543047	Vi inviterede ham til vores hus.
2530983	Evimizden ayrılın.	3543092	Forlad vores hus.
3530854	Evimizde asansör yok.	3543103	Der er ikke nogen elevator i vores hus.
2715058	Evimizi satmıyoruz.	3543123	Vi sælger ikke vores hus.
3055094	Evimizden çıkın.	3543128	Gå ud af vores hus.
1685862	Yeni evimizde rahatız.	3543147	Vi har det komfortabelt i vores nye hus.
2001447	Sarhoş değilim.	3571538	Jeg er ikke fuld.
3529966	İkiniz arkadaş mısınız?	3578904	Er I to venner?
2714968	Arkadaşlarımsınız.	3578992	I er mine venner.
1514201	Ken gelmek için çok meşgul.	3583359	Ken har for travlt til at komme.
1588114	Evime gelmek için zahmet etmeyin.	3583366	Bryd dig ikke om at komme hjem til mig.
3196796	O kadar erken gelmek zorunda değildin.	3583477	Du havde ikke behøvet at komme så tidligt.
1252174	İşte geliyorlar.	3584718	Her kommer de.
1299055	Sanırım onlar geliyorlar.	3584728	Jeg tror de kommer.
2059195	Ben gelecekten geliyorum.	3584734	Jeg kommer fra fremtiden.
2501997	Tom bugün geliyor.	3584738	Tom kommer i dag.
2502003	Tom buraya geliyor.	3584745	Tom kommer herhen.
2583627	Tom geliyor mu?	3584754	Kommer Tom?
2583777	Onlar yine geliyorlar.	3584756	De kommer igen.
2629325	Beni görmezden geliyorsun.	3584761	Du ignorerer mig.
2725489	Tom'la geliyorum.	3584770	Jeg kommer med Tom.
2001451	Yorgun değilim.	3587112	Jeg er ikke træt.
2574701	Sütünü iç.	3595868	Drik din mælk.
3056421	Daha fazla su iç.	3595874	Drik mere vand.
1254770	O eskiden içerdi.	3595887	Han plejede at drikke.
1165022	Tom bir içki ısmarladı.	3595900	Tom bestilte en drink.
2018528	O içki içmez.	3595924	Han drikker ikke.
2635628	Asla yalnız içki içmem.	3595927	Jeg drikker aldrig alene.
2599965	Tom içki içmemeli.	3595929	Tom bør ikke drikke.
815710	Çok fazla içmek tehlikelidir.	3595938	Det er farligt at drikke for meget.
1408075	Kendine iyi bak.	3595957	Pas på dig selv.
585603	Sakin ol.	3595961	Tag det roligt.
1251631	Acele etmeyin.	3595965	Tag din tid.
1707860	Tavsiyemi dinle!	3595968	Lyt til mit råd!
2001538	Bu zaman alır.	3596002	Det tager tid.
2528838	Bir kurabiye al.	3596045	Tag en småkage.
2528836	Şekerleme yap.	3596049	Tag en lur.
2528834	Yürüyüşe çıkın.	3596050	Gå en tur.
2528831	Onun hepsini al.	3596052	Tag det hele.
2528823	Arabamı al.	3596057	Tag min bil.
850246	Sigara içmek öldürür.	3597692	Rygning dræber.
1063925	Sigara içebilir miyim?	3597698	Må jeg ryge?
1063925	Sigara içebilir miyim?	3597699	Kan jeg ryge?
1547183	Susan hiç sigara içmez.	3597700	Susan ryger aldrig.
858105	Sigara içmeyi bırakmalısın.	3597731	Du skal stoppe med at ryge.
1282146	Babam nadiren sigara içer.	3597736	Min far ryger sjældent.
1231421	Betty hızlı araba sürer.	3604150	Betty kører hurtigt.
2598827	Tom araba sürmeye başladı.	3604257	Tom begyndte at køre.
2531593	Sadece sürmeye devam et.	3604276	Bare fortsæt med at køre.
2050937	Onların hepsi araba sürebilir.	3604329	De kan alle køre.
1256859	Senin yemek pişirmeni gördüm.	3607946	Jeg så dig lave mad.
2043430	Ellerini temizle.	3610209	Vask dine hænder.
2605065	Tom temizlemeye devam etti.	3610222	Tom fortsatte med at gøre rent.
2598833	Tom temizlemeye başladı.	3610226	Tom begyndte at gøre rent.
864900	Ellerini temiz tut.	3610246	Hold dine hænder rene.
1266332	Mutfağı temizleyin.	3610248	Gør køkkenet rent.
3151926	Lütfen bu tabakları yıka.	3610255	Vær venlig at vaske disse tallerkener op.
2763061	Temizlendi.	3610279	Det er blevet gjort rent.
2986382	Köpeğim temizdir.	3610363	Min hund er ren.
3210647	Alışveriş yapmayı seviyorum.	3610380	Jeg elsker at shoppe.
1003651	Alışverişe gidiyorlar.	3610393	De tager afsted for at shoppe.
1334706	O, başka bir yere alışverişe gitti.	3610404	Hun tog et andet sted hen for at shoppe.
1487895	Alışveriş çantam kırıldı.	3610409	Min indkøbstaske gik i stykker.
2944878	Burada birçok insan alışveriş yapar.	3610415	Mange mennesker shopper her.
2944878	Burada birçok insan alışveriş yapar.	3610416	Mange mennesker handler ind her.
1283793	Dükkân bugün kapalı.	3610419	Butikken er lukket i dag.
3564371	Bu restoran açık mı?	3612883	Er denne restaurant åben?
2518374	Bir restoranda akşam yemeği yedik.	3612939	Vi spiste aftensmad på en restaurant.
3530750	Restoran neredeyse boştu.	3612942	Restauranten var næsten tom.
3476440	Tom'un restoranını severim!	3612951	Jeg elsker Toms restaurant.
2698478	Sen değildin, değil mi?	3613874	Det var ikke dig, var det?
1218639	Onun fikrini değiştirdi.	3614376	Han ombestemte sig.
3209284	Düşüncemi değiştirdim.	3614381	Jeg ombestemte mig.
2522876	Bu şekilde çevirin.	3614394	Vend denne vej.
2034665	O tarafa gitti.	3614419	Hun gik den vej.
3375660	Bir yol biliyorum.	3614423	Jeg kender en vej.
3246236	Her halükarda kaybedersin.	3614426	Uanset hvad, taber du.
1103514	Hangi yol en yakın?	3614464	Hvilken vej er nærmest?
479167	Onu başka bir şekilde söyle.	3614511	Sig det på en anden måde.
1284355	Lütfen onu bu şekilde yapın.	3614534	Vær venlig at gøre det på denne måde.
1296499	Polise yolu sor.	3614535	Spørg politimanden om vej.
1284499	Hangi yolu seçtin?	3614556	Hvilken vej valgte du?
1481873	Yolu biliyor musun?	3614576	Kender du vejen?
2125763	Başka bir yolu yok mu?	3614577	Er der ikke en anden vej?
1038316	Herkes aynı şekilde düşünüyor.	3614579	Alle tænker på den samme måde.
3337238	Tom'a yolu gösterdim	3614582	Jeg viste Tom vejen.
874040	Bay Petit ile buluş.	3614584	Mød Hr. Petit.
2591165	Tanışabiliriz.	3614587	Vi kan mødes.
2530863	Benimle alt katta buluş.	3614589	Mød mig nedenunder.
1061680	Onunla buluştun mu?	3614590	Mødte du hende?
2530860	Bu gece benimle buluş.	3614592	Mød mig i nat.
1254476	Onu görüşebilir misin?	3614603	Kan du møde ham?
1276282	Toplantı kapatıldı.	3614604	Mødet var lukket.
2056028	Tekrar buluşabilir miyiz?	3614607	Kan vi mødes igen?
2024549	Kimle tanıştın?	3614608	Hvem mødte du?
1485389	Onu karşılamalısın.	3614610	Du skal møde ham.
2086547	Salı günü buluşalım.	3614614	Lad os mødes på tirsdag.
2587489	Toplantılarımız vardı.	3621956	Vi havde møder.
2895545	Toplantıyı kaçırdım.	3621958	Jeg gik glip af mødet.
1343907	Burada biriyle buluşacak mısın?	3621964	Skal du mødes med nogen her?
1306913	Toplantı geçen aydı.	3621967	Mødet var i sidste måned.
2866243	Artık Tom'la hiç karşılaşmıyorum.	3622018	Jeg mødes ikke mere med Tom.
1928599	Bizi yarın ziyaret edin.	3622025	Besøg os i morgen.
2585869	Bizi ziyaret ettiler.	3622027	De besøgte os.
1237880	Lucy ara sıra May'i ziyaret eder.	3622036	Lucy besøger af og til May.
1277183	Kyoto ziyaret etmeye değer.	3622043	Kyoto er værd at besøge.
1249959	Sen aradın mı?	3622624	Ringede du?
2006790	Birisi aradı.	3622651	Nogen ringede.
1255043	Bir ambulans çağırın.	3622658	Kald på en ambulance.
1038875	Lütfen tekrar arayın.	3622678	Vær venlig at ringe igen.
1253204	Lütfen onu ara.	3622681	Vær venlig at ringe til ham.
2004225	Önceden telefonla aradım.	3622686	Jeg ringede i forvejen.
2614504	Tom herkesi aradı.	3622689	Tom ringede til alle.
2578121	Yardım için ara.	3622692	Ring efter hjælp.
614662	Lütfen giyinin.	3629597	Vær venlig at tage tøj på.
1251414	Lütfen içeri girin.	3629599	Vær venlig at gå ind.
1251577	Bir saç tıraşı ol.	3629601	Bliv klippet.
2003434	Git üstünü değiştir.	3629625	Gå hen og skift tøj.
2003416	Biraz uyu.	3629627	Sov lidt.
3573091	Bir iş bul!	3629641	Find et job!
1249911	Hastalandım.	3629652	Jeg blev syg.
1252343	Ben boşandım.	3629679	Jeg blev skilt.
1182713	Tom güneş yanığı oldu.	3629697	Tom blev solbrændt.
1182736	Tom soyuldu.	3629713	Tom blev røvet.
2023919	İşler tuhaflaştı.	3629731	Tingene blev mærkelige.
1995236	Kaçtı.	3629734	Han slap væk.
2614129	Tom utandı.	3629757	Tom skammede sig.
1250635	Kafam karıştı.	3629762	Jeg er forvirret.
1113868	Tom kafası karışmış görünüyor.	3629765	Tom virkede forvirret.
1185450	Tom şaşırmış hissetti.	3629770	Tom følte sig forvirret.
1474842	Onu buraya getir.	3629773	Bring den herhen.
2000230	Anahtarı getir.	3629815	Bring nøglen.
2625560	Tom'u geri getir.	3629818	Bring Tom tilbage.
2578135	Onu daha yakına getir.	3629822	Bring det nærmere.
2578133	Bana para getir.	3629842	Bring mig penge.
2578127	Cüzdanını getir.	3629844	Hent din pung.
3606408	Bir kürek getir!	3629846	Hent en skovl.
2614485	Tom çiçekler getirdi.	3629859	Tom bragte blomster.
2572886	Akşam yemeğini getirdim.	3629866	Jeg bragte aftensmad.
3283506	Tom bunu getirdi.	3629869	Tom bragte dette.
1981585	Onu içeri gönderin.	3641172	Send ham ind.
2617476	Tom'u uzağa gönder.	3641177	Send Tom væk.
2617473	Tom'u aşağıya gönder.	3641183	Send Tom ned.
2617471	Tom'u eve gönder.	3641185	Send Tom hjem.
1166903	Lütfen bir ambulans gönderin.	3641199	Vær venlig at sende en ambulance.
1266089	Lütfen yardım gönderin.	3641204	Vær venlig at sende bud efter hjælp.
2056709	O bize çiçekler gönderir.	3641230	Han sender os blomster.
2086763	Bana resmini gönder.	3641231	Send mig dit billede.
2513151	Tom sana gönderdi mi?	3641248	Sendte Tom dig?
3379894	Onları bana gönder.	3641249	Send dem til mig.
1325082	Lütfen bana bir kopya daha gönder.	3641255	Vær venlig at sende en anden kopi.
1265642	Çocukları yatağa gönder.	3641256	Send børnene i seng.
1420896	Lütfen bize daha fazla bilgi gönderin.	3641259	Vær venlig at sende os mere information.
1282271	Lütfen bana bir mektup gönder.	3641317	Vær venlig at sende mig et brev.
2506181	Beni kovmayın.	3641325	Send mig ikke væk.
3035234	Seni nereye gönderdiler?	3641377	Hvor sendte de dig hen?
3353204	Öğle yemeği nasıldı?	3651954	Hvordan var frokosten?
1106559	Kahvaltı hazır mı?	3651955	Er morgenmaden klar?
2114983	Kahvaltısını bitirdi.	3651960	Han spiste sin morgenmad færdig.
2581351	Tom kahvaltı yaptı.	3651961	Tom lavede morgenmad.
2039699	Akşam yemeği harikaydı.	3652409	Aftensmaden var fremragende.
3473510	Akşam yemeği nefis kokuyor.	3652410	Aftensmaden dufter lækkert.
2036638	Akşam yemeği için teşekkürler.	3652427	Tak for aftensmad.
1259758	Akşam yemeği saat kaçta?	3652438	På hvilket tidspunkt er der aftensmad?
1046042	Bazen akşam yemeği pişiririm.	3652453	Jeg tilbereder sommetider aftensmad.
1479904	Daha yavaş konuşun.	3652459	Tal langsommere.
858338	Bir kez daha lütfen.	3652461	En gang til venligst.
1474199	Ben daha fazla istiyorum.	3652464	Jeg vil gerne have mere.
600931	Daha fazla sebze ye.	3652484	Spis flere grøntsager.
1998142	Bana biraz daha anlat.	3652486	Fortæl mig mere.
875004	Daha fazlasına ihtiyacımız var.	3652488	Vi har brug for mere.
875009	Daha fazla gerekli.	3652489	Der er brug for mere.
2043449	Daha fazlasını hak ediyorum.	3652493	Jeg fortjener mere.
2043436	O daha fazlasını hak ediyor.	3652500	Han fortjener mere.
2614315	Tom daha fazla umuyordu.	3652505	Tom forventede mere.
2578209	Daha dakik olun.	3652508	Vær mere præcis.
2528932	Bana daha fazlasını göster.	3652512	Vis mig mere.
2524026	Daha fazlası var.	3652874	Der er mere.
2522917	Biraz daha dene.	3652878	Prøv lidt mere.
1277152	Daha çok çalışmalısın.	3652880	Du skal arbejde mere.
1262457	Bizim daha fazla işçiye ihtiyacımız var.	3652883	Vi har brug for flere arbejdere.
1255082	Onu bir kez daha okuyun.	3652916	Læs det en gang mere.
1266328	Ne kadar çok olursa, o kadar iyi.	3652918	Jo mere, jo bedre.
1254930	Bir kez daha deneyin.	3652926	Prøv den en gang mere.
476727	Daha fazla zamana ihtiyacım var.	3652938	Jeg har brug for mere tid.
1289207	Lütfen daha yüksek sesle konuşun.	3652941	Vær venlig at tale højere.
2088013	Onun daha çok kitabı var.	3653607	Hun har flere bøger.
1204408	Daha fazla yemelisiniz.	3654053	I skal spise mere.
1074660	Altın, demirden daha fazla çeker.	3654056	Guld vejer mere end jern.
2126323	Bu, yeterli miktardan daha fazla.	3654091	Det er mere end rigeligt.
3035798	Birden daha fazla vardı.	3654104	Der var mere end en.
1760363	İngilizce Japoncadan daha zor mu?	3654105	Er engelsk sværere end japansk?
1037758	Futbol beyzboldan daha popüler.	3654107	Fodbold er mere populært end baseball.
1289023	Hiçbir şey sağlıktan daha önemli değildir.	3654108	Intet er mere vigtigt end helbredet.
927773	Ekmeği pirinçten daha çok severim.	3654109	Jeg kan bedre lide brød end ris.
2131700	Nitelik, nicelikten önemlidir.	3654112	Kvalitet er vigtigere end kvantitet.
1252563	Kediler fareleri yakalar.	3657904	Katte fanger mus.
1281571	O kolayca soğuk alır.	3657909	Hun bliver let forkølet.
1502639	Çocuklar kolaylıkla üşütürler.	3657940	Børn bliver let forkølet.
1328638	Biz otobüse yetişmek için acele ettik.	3657952	Vi skyndte os for at nå bussen.
2929800	Yetişecek bir otobüsüm var.	3657956	Jeg har en bus at nå.
1634315	Son treni yakalamayı başardım.	3658017	Det lykkedes mig at nå det sidste tog.
2015428	Kafana dikkat!	3658026	Pas på dit hoved!
1252268	Başı ağrıyordu.	3658029	Han havde ondt i hovedet.
1175669	Tom başını tıraş etti.	3658035	Tom barberede sit hoved.
3421179	Kadınlar erkeklerden daha az kazanır.	3658068	Kvinder tjener mindre end mænd.
3590911	Senden az param var.	3658069	Jeg har færre penge end dig.
3143143	Üç saatten daha az zamanımız var.	3658080	Vi har mindre end tre timer.
1061686	Ondan daha az güzel değilsin.	3658082	Du er ikke mindre flot end hende.
1661797	Tom düşünebileceğinizden daha az yer.	3658115	Tom spiser mindre end du tror.
2978458	Tom on dakikadan daha az bir sürede buraya geldi.	3658157	Tom kom hertil for mindre end 10 minutter siden.
825592	Bir aydan kısa bir süredir Çin'de bulunuyorum.	3658212	Jeg har været i Kina i mindre end en måned.
1269484	Bu, son kez.	3660025	Dette er sidste gang.
1755977	Son kez olabilir.	3660039	Det er måske den sidste gang.
3062782	Son tren saat kaçta?	3660041	Hvornår kører det sidste tog?
1453073	En son ne zaman karşılaştık?	3660044	Hvornår var det vi mødtes sidste gang?
2447798	Bu son kez olmayacak.	3660051	Dette vil ikke blive den sidste gang.
1049186	Tom'u en son ne zaman gördün?	3660072	Hvornår så du sidst Özgür?
2197101	Onu en son ne zaman gördün?	3660092	Hvornår så du ham sidst?
2946777	Avustralya'yı en son ne zaman ziyaret ettin?	3660095	Hvornår besøgte du sidst Australien?
1050056	O gerçekten son zamandan beri çok değişti.	3660098	Han har virkelig ændret sig siden sidste gang.
1114282	Tom geçen yıl bu zaman hâlâ Boston'daydı.	3660099	Tom var stadig i Boston på dette tidspunkt sidste år.
1168182	Tom'la en son ne zaman konuştun?	3660100	Hvornår talte du sidst med Tom?
3610277	En son ne zaman bir para cezası ödedin?	3664444	Hvornår betalte du sidste gang en bøde?
3354876	En son ne zaman bir hastayı tedavi ettin?	3664450	Hvornår behandlede du sidst en patient?
2486876	Tom'un gülümsediğini en son ne zaman gördün?	3664453	Hvornår så du sidst Tom smile?
2849956	Çocuklarınızı en son ne zaman gördünüz?	3664455	Hvornår så du sidst dine børn?
1163872	Geçen yıl ilk kez Viyana'ya gittim.	3664457	Jeg rejste til Wien for første gang sidste år.
1207204	Son kez balık tutmaya gittiğinde bir şey yakaladın mı?	3664462	Fangede du noget sidst du tog ud for at fiske?
3592776	Tom'u en son gördüğümde üç hafta önceydi.	3664472	Sidst jeg så Tom var tre uger siden.
1228424	Geçen defa yaptığım aynı hataları yaptım.	3664475	Jeg har lavet de samme fejl som jeg lavede sidste gang.
1755817	Onu son gördüğümde, oldukça iyiydi.	3664477	Sidst jeg så ham, havde han det ganske fint.
2436630	En son ne zaman kütüphaneden kitap ödünç aldın?	3664484	Hvornår lånte du sidst bøger fra biblioteket?
1548700	Tom Mary'nin iki katı kadar ağırdır.	3664513	Tom er dobbelt så tung som Mary.
1585030	Tom Mary'nin iki katı kadar çok kazanır.	3664515	Tom tjener dobbelt så meget som Mary.
1765440	Teksas neredeyse Japonya'nın iki katı kadar büyüktür.	3664519	Texas er næsten dobbelt så stor som Japan.
1653476	Odam seninkinin iki katı kadar büyük.	3664520	Mit rum er dobbelt så stort som dit.
1515689	Benim yediğimin iki katı kadar çok yedi.	3664527	Han spiste dobbelt så meget som mig.
1984870	Bu iş beklediğimin iki katı kadar uzun sürecek.	3664531	Dette job vil tage dobbelt så lang tid som jeg regnede med.
1252166	Bu kitabı okuyun.	3664534	Læs denne bog.
1267276	Bana kahve servisi yaptı.	3664549	Hun serverede kaffe til mig.
1344719	Partide ne servis edildi?	3664553	Hvad blev der serveret til festen?
1106581	Kahvaltı ne zaman ve nerede servis edilmektedir?	3664556	Hvornår og hvor bliver morgenmad serveret?
1220000	Akşam yemeği ne zaman servis edilecek?	3664560	Hvornår vil aftensmaden blive serveret?
1022335	O ilaç satın alır.	3669100	Han køber medicin.
1844657	Satın alıyorum.	3669102	Jeg køber.
2637929	Kim satın alıyor?	3669103	Hvem køber?
1107927	Para mutluluğu satın alamaz.	3669106	Penge kan ikke købe lykke.
1253348	Ne satın aldınız?	3669107	Hvad købte I?
1252181	Ben bir tane almalıyım.	3669109	Jeg skal købe en.
674888	Ne almam gerekiyor?	3669110	Hvad skal jeg købe?
870207	Bunu alacağım.	3669112	Jeg køber denne.
1490665	Para mutluluk satın alabilir mi?	3669113	Kan penge købe lykke?
2025644	Meyve suyu aldın mı?	3669118	Købte du juice?
2605456	Tom satın almıyor.	3669122	Tom køber ikke.
2583837	Onlar bir şey alacaklar.	3669124	De vil købe noget.
2574792	Onu satın almayın.	3669127	Køb den ikke.
1107932	Altın her şeyi satın alamaz.	3669129	Guld kan ikke købe alt.
2023458	Hiç kimse onu almadı.	3669131	Ingen købte det.
1255899	Ben şu arabayı satın aldım.	3669147	Jeg købte den bil.
1483986	Şemsiyeler iyi satılır.	3669149	Paraplyer sælger godt.
2585942	Şeker satıyorlar.	3669156	De sælger slik.
2569702	Bilgisayar satarım.	3670527	Jeg sælger computere.
1482217	O, satmak için söz verdi.	3670539	Han lovede at sælge.
2109002	Portakal suyu satarız.	3670540	Vi sælger appelsinjuice.
2027093	Bize kâğıt satıyor.	3670555	Han sælger aviser til os.
2494404	Bunu satabilirim.	3670558	Jeg kan sælge dette.
1251405	Ben bir kitap sattım.	3670561	Jeg solgte en bog.
1482293	Onun romanı iyi sattı.	3670563	Hans roman solgte godt.
1267641	O, ona arabasını sattı.	3670565	Hun solgte sin bil til ham.
2144463	Bu arabayı sana kim sattı?	3670566	Hvem solgte denne bil til dig?
1997521	Hiç kimse sormadı.	3670568	Ingen spurgte.
870204	Sorunu sor.	3670596	Stil dit spørgsmål.
2530820	Kimse seni sormadı.	3670600	Ingen spurgte dig.
2519093	Sen asla soru sormazsın.	3670610	Du spørger aldrig.
1253480	Bu konuda ona sorun.	3670614	Spørg ham om det.
1251340	Onu soralım.	3670615	Lad os spørge ham.
1479590	Onun halini hatırını sordum.	3670620	Jeg spurgte efter ham.
1258777	O senin halini hatırını sordu.	3670623	Han spurgte efter dig.
1254936	Lütfen sormayın.	3670625	Vær venlig ikke at spørge.
1449811	Bana daha kolay bir şey sor.	3670627	Spørg mig om noget lettere.
1290925	Tom adres sordu.	3670628	Tom spurgte om vej.
1282568	Lütfen başka birine sor.	3670630	Vær venlig at spørge en anden.
2017757	Ona adını sor.	3670631	Spørg ham om hans navn.
1359368	İsa onlara cevap verdi.	3670637	Jesus svarede dem.
1261579	Sorularıma cevap verin.	3670638	Svar på mine spørgsmål.
2617433	Tom'un cevap vermesine izin ver.	3670639	Lad Tom svare.
2614472	Tom cevap verebilir.	3670641	Tom kan svare.
2594591	Tom cevapları ister.	3670642	Tom ønsker svar.
3124877	Evet cevabı verdim.	3670644	Jeg svarede ja.
1485321	Ne cevap verdin?	3670645	Hvad svarede du?
3495128	Cevap beni öfkelendirdi.	3670647	Svaret irriterede mig.
1034330	Doğru cevabı işaretleyin.	3670648	Marker det rigtige svar.
1288687	Onun cevabı doğru değildi.	3670649	Hans svar var ikke korrekt.
511759	Benim cevabım doğru mu?	3670651	Er mit svar korrekt?
875023	Soru cevaplandı.	3670652	Spørgsmålet blev besvaret.
2027871	Cevap veremedim.	3670654	Jeg kunne ikke svare.
2578957	Ne yüzeysel bir cevap!	3670655	Sikken et overfladisk svar.
2048701	Cevap vermeyi reddediyorum.	3670656	Jeg nægter at svare.
3425582	Uçabilirim.	3672107	Jeg kan flyve.
2025615	Bütün kuşlar uçabilir mi?	3672114	Kan alle fugle flyve?
2025260	Fermuarın açık!	3672120	Medicinskabet står åbent!
2072754	Uçmak için hazır mısınız?	3672125	Er I klar til at flyve?
2121803	Almanya'ya uçacağım.	3672126	Jeg vil flyve til Tyskland.
3433255	Ek olarak, uçabilirim.	3672129	Udover det, kan jeg flyve.
1294356	Sinek tavanda.	3672131	Fluen er på loftet.
1647665	Hiç filin uçtuğunu gördün mü?	3672145	Har du nogensinde set en elefant flyve?
3622379	Sana uçmayı öğretebilirim.	3672147	Jeg kan lære dig at flyve.
1456774	O, bir uçakta uçmaktan korkuyor.	3672149	Han er bange for at flyve i flyvemaskine.
1147305	Birlikten kuvvet doğar.	3672150	Jo større de er, jo tungere falder de.
1065942	Bir kuş olsam, sana uçarım.	3672156	Hvis jeg var en fugl, ville jeg flyve hen til dig.
1252184	Bunu düşünün.	3672168	Tænk over det.
2530972	Düşüneyim.	3672172	Lad mig tænke.
2523038	Yarın hakkında düşünün.	3672174	Tænk på i morgen.
1252603	Öyle düşünüyor musun?	3672180	Mener du det?
2159171	Anladığımı düşünüyorum.	3672186	Jeg tror jeg forstår.
1071064	Sanırım yapabilirim.	3672189	Jeg tror jeg kan.
3594775	Konuşmadan önce düşün.	3672191	Tænk før du taler.
1496410	Geleceğin hakkında düşün.	3672200	Tænk på din fremtid.
2629081	Sen düşünmüyorsun.	3672201	Du tænker ikke.
2558601	Hâlâ düşünüyorum.	3672266	Jeg tænker stadig.
2509397	Sanırım Tom biliyor.	3672268	Jeg tror Tom ved det.
2498346	Düşünmeliyim.	3672269	Jeg skal tænke.
2855760	Paniklediğini düşünüyorum.	3672270	Jeg tror du gik i panik.
585532	Sanırım sen haklısın.	3672326	Jeg tror du har ret.
1038317	Herkes aynı şeyi düşünüyor.	3672417	Alle tænker det samme.
1273072	Sizi böyle düşündüren nedir?	3672424	Hvad fik dig til at tænke sådan?
1255999	Onun onu yaptığını düşünüyorum.	3672426	Jeg tror han gjorde det.
1261069	Onun hasta olduğunu düşünüyorum.	3672427	Jeg tror hun er syg.
1267066	Onun dürüst olduğunu sanıyorum.	3672428	Jeg synes han er ærlig.
2121458	Onun yanlış olduğunu düşünüyorum..	3672507	Jeg tror han tager fejl.
639529	Sana inanıyorum.	3672508	Jeg tror på dig.
1448941	Kendine inan.	3672509	Tro på dig selv.
2050157	Kimse bana inanmıyor.	3672510	Ingen tror på mig.
2624196	Tom'a inanıyorum.	3672511	Jeg tror på Tom.
2624195	Tom'a inandım.	3672512	Jeg troede på Tom.
2591185	Size inanıyoruz.	3672514	Vi tror på jer.
2872768	Sana inanıyoruz.	3672518	Vi tror på dig.
2586317	Onlar ona inanıyorlar.	3672520	De tror på det.
2586314	Onlar Tom'a inandılar.	3672549	De troede på Tom.
1273685	Herhangi biri sana inanabilir mi?	3672553	Kan nogen tro på dig?
1261068	Ben onun hikayesine inanıyorum.	3672573	Jeg tror på hendes historie.
2029751	İnanmak istiyorum.	3672578	Jeg ønsker at tro.
2080488	Ben her zaman sana inanırım.	3672581	Jeg tror altid på dig.
2117116	Aşkın var olduğuna inanıyorum.	3672585	Jeg tror på at kærlighed eksisterer.
2625519	Tom'a inanma.	3672626	Tro ikke på Tom.
1448843	Zor bir zaman geçirdim.	3678786	Jeg havde en hård tid.
1300370	Herkes zor zaman geçirdi.	3678791	Alle havde en hård tid.
1278120	Zor bir zaman geçireceksin.	3678795	Du vil få en hård tid.
2430538	Arayan bulur.	3678816	Den som søger, finder.
2574631	Başka birini bul.	3678821	Find en anden.
2630706	Tom, Mary'yi bulacak.	3680403	Tom vil finde Mary.
2630703	Tom birini bulacak.	3680405	Tom vil finde nogen.
2037499	Mutluluk arıyoruz.	3680412	Vi søger lykke.
2702434	Saklambaç oynamak ister misin?	3680413	Har du lyst til at lege gemme?
1480533	Hadi saklambaç oynayalım!	3680415	Lad os lege gemme!
2419933	Tom taşındı.	3680419	Tom flyttede.
2050726	Salyangozlar yavaş hareket eder.	3680426	Snegle bevæger sig langsomt.
2023480	Lütfen geriye gidin.	3680430	Vær venlig at gå tilbage.
2637455	Biz hareket ediyoruz.	3680435	Vi bevæger os.
2605015	Tom hareket etmeye devam etti.	3680438	Tom fortsatte med at bevæge sig.
2513247	Tom daha yakına taşındı.	3680612	Tom flyttede tættere på.
1498313	O, yavaşça ilerledi.	3680632	Hun gik langsomt fremad.
1995160	Acele et.	3680633	Fart på.
1259461	Ben geçen ay taşındım.	3680635	Jeg flyttede i sidste måned.
2105090	Tom bencil.	3680637	Tom er egoistisk.
1302522	O tekrar eskisi gibi.	3680640	Hun er sit gamle jeg igen.
1247218	Tom onu kendisi yaptı.	3680651	Tom gjorde det selv.
1192684	Tom her şeyi kendisi yaptı.	3680652	Tom gjorde det hele selv.
1241442	Karen oraya kendisi gitti.	3680672	Karen tog selv derhen.
2088006	Onu kendisi denedi.	3680673	Hun prøvede det selv.
1271140	Kendi gitmek zorunda kaldı.	3680674	Hun var nødt til selv at gå.
1997305	Kendimi kestim.	3680685	Jeg skar mig selv.
2000470	Kendimden nefret ediyorum.	3680695	Jeg hader mig selv.
2944029	Kendimi düzelttim.	3680697	Jeg rettede mig selv.
1477679	Kendinize saygı duyun.	3680699	Respekter dig selv.
1732546	Tehlikeye karşı kendimizi koruduk.	3680721	Vi beskyttede os selv imod fare.
2996722	Bunu kendimiz yapacağız.	3680728	Vi vil gøre det selv.
2994443	Hepiniz kendinizden utanmalısınız.	3680731	I skulle alle skamme jer.
1256839	Midem dolu.	3680752	Min mave er fyldt op.
1256020	Ben yaya gideceğim.	3680770	Jeg vil tage afsted til fods.
2693228	Tom ayağıma bastı.	3680771	Tom trådte på min fod.
1451872	Yaya olarak ne kadar zaman alır?	3680774	Hvor lang tid tager det til fods?
2004557	Gelmek istiyorum.	3682095	Jeg vil gerne komme.
1651946	Partinize gelmek istiyorum.	3682103	Jeg vil gerne komme til jeres fest.
1283040	Ne kadar bekledin?	3682150	Hvor længe har du ventet?
2574683	Başka herkes bekledi.	3682159	Alle andre ventede.
1545772	Onlar öğretmenlerini beklediler.	3682190	De ventede på deres lærer.
2678999	Beklemekten hoşlanmam.	3682194	Jeg kan ikke lide at vente.
3173273	Beklemek istemiyorum.	3682197	Jeg vil ikke vente.
2673474	Onları gönderdin mi?	3682209	Sendte du dem?
1255717	Bir hata yaptın.	3682236	Du lavede en fejl.
3063465	Nerede hata yaptık?	3682241	Hvor fejlede vi?
1254870	Burnum kaşınıyor.	3682456	Min næse klør.
2036931	Tom burnumu kırdı.	3682465	Tom brækkede min næse.
1046758	Burunlarımızla koklarız.	3682468	Vi lugter med vores næser.
1258779	Onun uzun bir burnu vardır.	3682469	Han har en lang næse.
2024254	İki kulağımız var.	3682519	Vi har to ører.
1273672	Bir tavşanın uzun kulakları vardır.	3682524	En kanin har lange ører.
3339734	Kulaklarımı kapattım.	3682528	Jeg dækkede mine ører.
1489222	Biz kulaklarımızla duyarız.	3682534	Vi hører med vores ører.
1258839	Gözlerini kapadı.	3682551	Han lukkede sine øjne.
2050528	Kahverengi gözleri var.	3682553	Hun har brune øjne.
2009359	Sonra geri gel.	3682554	Kom tilbage senere.
1057747	Sırtınızı dik tutun.	3682555	Ret ryggen.
1370961	Sırtım ağrıyor.	3682558	Jeg har ondt i ryggen.
2586298	Onlar geri geldiler.	3682559	De kom tilbage.
2531091	Sadece geri hareket edin.	3682568	Bare træk dig tilbage.
2034146	Lütfen beni destekleyin!	3682571	Vær venlig at støtte mig!
2034146	Lütfen beni destekleyin!	3682573	Vær venlig at bakke mig op!
1483768	O zaten döndü.	3682576	Hun er allerede vendt tilbage.
2058016	Göğsüm ağrıyor.	3682594	Jeg har ondt i brystet.
1474440	Kolum ağrıyor.	3682605	Jeg har ondt i armen.
2002322	Onlar silahlı.	3682607	De er bevæbnet.
2052623	Parmaklarına dikkat et!	3682626	Pas på dine fingre!
1876717	Omuzum ağrıyor.	3682649	Jeg har ondt i skulderen.
1495462	Jim'in geniş omuzları var.	3682651	Jim har brede skuldre.
2000212	Allan bizi terk etti.	3682655	Allan forlod os.
2522885	Burada sola dön.	3682657	Drej til venstre her.
1278394	Köşede sola dön.	3682658	Drej til venstre ved hjørnet.
1252205	Ben sağa döndüm.	3682662	Jeg drejede til højre.
2466881	Lütfen sağa dönün.	3682665	Vær venlig at dreje til højre.
866873	Bende tenisçi dirseği var.	3682673	Jeg har tennisalbue.
1252559	Dirseğimi incittim.	3682675	Jeg slog min albue.
3244731	Dizim acıyor.	3682676	Mit knæ gør ondt.
486310	Dizim kanıyor.	3682678	Mit knæ bløder.
2050881	Fiyat doğru.	3682679	Prisen er rigtig.
2499580	O neye mal oldu?	3682690	Hvad kostede det?
1253365	Ben bir şey hissediyorum.	3687778	Jeg føler noget.
2572198	Sıcak hissediyorum.	3687783	Jeg har det varmt.
1259459	O yirminin üzerinde.	3687788	Hun er over tyve.
2086699	Evliliğimiz bitti.	3687790	Vores ægteskab er ovre.
2944874	Yaz neredeyse bitti.	3687799	Sommeren er næsten ovre.
3295652	Tehlike bitti.	3687800	Faren er ovre.
1278354	Bayan seksenin üzerinde.	3687860	Damen er over firs.
2431408	Havaalanı orada.	3687864	Lufthavnen er derovre.
2135306	Onu masaya bırak.	3687873	Læg den på bordet.
2961826	Tom caddeye çıktı.	3687879	Tom gik ud på gaden.
1255178	Kapıyı çal.	3687901	Bank på døren.
1253040	Işık açık.	3687910	Lyset er tændt.
2003321	Otobüse binin.	3687929	Stig på bussen.
2025634	Linke tıklayınız.	3687931	Klik på linket.
3189089	Işıkları açık bırak.	3687935	Lad lysene være tændt.
1482301	İpe tutun.	3687942	Hold fast i rebet.
1479544	O, yatakta yatıyordu.	3687959	Han lå på sengen.
1274279	Biz sahilde oynadık.	3687969	Vi legede på stranden.
1030518	Biri kapıyı çaldı.	3687977	En eller anden bankede på døren.
1274968	O, trene atladı.	3687986	Han hoppede på toget.
1303123	Uçak zamanında geldi.	3688040	Flyet kom til tiden.
1276486	Tren zamanında ayrıldı.	3688047	Toget afgik til tiden.
1118837	Otobüste ne oldu?	3688049	Hvad skete der i bussen?
2940158	İkona çift tıkla.	3688071	Dobbeltklik på ikonet.
850991	Işıklar açık değil.	3688072	Lysene er ikke tændt.
878279	Dağdaydım.	3688076	Jeg var på bjerget.
1290682	Tom musluğu açtı.	3688080	Tom åbnede for vandhanen.
1237296	Ken yanıma oturdu.	3688088	Ken sad ved siden af mig.
1237295	John'un yanına oturdum.	3688113	Jeg sad ved siden af John.
2827762	Yıldızların altında uyuduk.	3688142	Vi sov under stjernerne.
1269000	O, sandalyenin altında.	3688156	Det er under stolen.
2409732	Kitabı diğerlerinin üzerine koy.	3688175	Læg bogen ovenpå de andre.
2056296	Aksini yaptı.	3688180	Han gjorde det modsatte.
1693585	Hızlı, yavaşın zıddıdır.	3688199	Hurtigt er det modsatte af langsomt.
1767018	Bizim evin karşısındaki evde yaşarlar.	3688256	De bor i det hus overfor vores.
2886824	Bu, benim beklediğimin tersi.	3688265	Dette er det modsatte af hvad jeg forventede.
2528811	İlacınızı alın.	3693271	Tag Deres medicin.
2093909	Bu ilaç çok kötü tadıyor.	3693297	Denne medicin smager meget dårligt.
2886401	O ilaca ihtiyacım var.	3693304	Jeg har brug for den medicin.
1254785	Onlar doktordur.	3693306	De er læger.
2306991	Doktor çağır!	3693309	Kald på lægen!
1325052	Doktor hemen geldi.	3693311	Lægen kom med det samme.
3648961	Meyvemiz var.	3693322	Vi har frugt.
2088003	O sebze satar.	3693329	Hun sælger grøntsager.
1423499	O, sebzeden başka bir şey yemez.	3693331	Hun spiser ikke andet end grøntsager.
586217	Kirazlar kırmızıdır.	3693391	Kirsebær er røde.
1477651	Onun rengi kırmızıdır.	3693400	Dens farve er rød.
1765196	Şarap kırmızı mı?	3693405	Er vinen rød?
2023451	Kalemim kırmızı.	3693411	Min blyant er rød.
1289315	Ben sarı kazağımı seviyorum.	3693417	Jeg elsker min gule sweater.
1519075	O, şu sarı evde yaşıyor.	3693420	Han bor i det gule hus.
2146410	Tüm toplar sarı.	3693429	Alle boldene er gule.
1114240	Tom'un sarı bir spor arabası var.	3693438	Tom har en gul sportsvogn.
499364	Ofisin kapısı sarıdır.	3693441	Kontorets dør er gul.
2558404	Mavi mi?	3693448	Er den blå?
1034355	Beyaz ekmek, lütfen.	3693457	Hvidt brød, tak.
588912	O beyaz mı?	3693458	Er den hvid?
2550777	Beyazdı.	3693459	Den var hvid.
1255852	Benim köpeklerim beyaz.	3693465	Mine hunde er hvide.
2038920	Kar niçin beyazdır?	3693470	Hvorfor er sne hvid?
2036752	Siyah köpek koştu.	3693560	Den sorte hund løb.
1486112	Sana anlatmak istedim.	3694473	Jeg ønskede at fortælle dig det.
2045087	Hayatın anlamı nedir?	3694498	Hvad er meningen med livet?
1256066	Lütfen bunu açıklayın.	3694958	Vær venlig at forklare det.
2005172	Açıklayayım.	3694965	Lad mig forklare.
2614314	Tom her şeyi açıkladı.	3694972	Tom forklarede alt.
2572334	Açıklayabilirim.	3694974	Jeg kan forklare.
1284366	Bu pantolon kirli.	3695012	Disse bukser er beskidte.
1032016	Benim pantolon ıslak.	3695015	Mine bukser er våde.
2522163	Ceketin nerede?	3695019	Hvor er din jakke?
2492909	Ceketimi unuttum.	3695021	Jeg glemte min jakke.
3440751	Ceketini çıkar.	3695023	Tag din jakke af.
599137	Şapkanı giy.	3695025	Tag din hat på.
1227023	Bu şapka Tom'a aittir.	3695027	Denne hat tilhører Tom.
1255041	Ayakkabılarınızı giyin.	3695039	Tag jeres sko på.
1282932	Artık tartışmayalım.	3695139	Lad os ikke diskutere mere.
2117288	Artık yazamam.	3695146	Jeg kan ikke skrive mere.
847982	Artık yalnız değil.	3695151	Nu er hun ikke længere ensom.
3613327	Ne hakkında?	3696602	Om hvad?
1117367	Bu, bağlama bağlıdır.	3696615	Det afhænger af sammenhængen.
1323825	Tom güvenilir bir kişidir.	3696648	Tom er en pålidelig person.
2600648	Çünkü televizyon izliyorlar.	3696656	Fordi de ser fjernsyn.
479144	Neden ben?	3696658	Hvorfor mig?
2015456	İkimiz de güldük.	3696686	Vi grinede begge.
2591174	İkimiz de kazandık.	3696696	Vi vandt begge.
1067374	Tam 11:00'de istasyonda olun.	3696729	Vær ved stationen præcis kl. elleve.
2012310	Bugün Cuma mı?	3697823	Er det fredag i dag?
2994893	Salı kesinlikle soğuktu.	3697840	Tirsdag var det virkelig koldt.
1475083	Pazartesilerden nefret ediyorum.	3697847	Jeg hader mandage.
1486197	Yarın Cumartesi midir?	3697865	Er det lørdag i morgen?
2012851	Mary fındık sever.	3697976	Mary elsker nødder.
2769614	Tom dolabı açtı.	3698064	Tom åbnede skabet.
2000354	O oyuncakları sever.	3698070	Han elsker legetøj.
2730716	Gazete okumaz mısın?	3698072	Læser du ikke avis?
2604385	Tom asla gelmez.	3698078	Tom kommer aldrig.
1296201	Yeşil kırmızı ile gitmez.	3698089	Grønt går ikke sammen med rødt.
1188770	Tom çok konuşmaz.	3698093	Tom taler ikke meget.
2477145	Tom kimseyle konuşmaz.	3698095	Tom taler ikke med nogen.
2603560	Tom asla durmaz.	3698097	Tom stopper aldrig.
1475291	Asla bilmezsin.	3698098	Du ved det aldrig.
2503621	Tom burada uyumaz.	3698100	Tom sover ikke her.
3649608	Yumurta sevmez.	3698104	Han kan ikke lide æg.
1323896	Tom ailemi sevmez.	3698106	Tom kan ikke lide min familie.
2054440	Oldukça zekisin.	3698181	Du er ganske klog.
3374433	Açıklamak istiyorum.	3744270	Jeg ønsker at forklare.
1050784	O, bana yeni arabasını gösterdi.	3779565	Hun viste mig sin nye bil.
1261420	Giysilerini değiştir.	3779588	Skift dit tøj.
1031373	O, hem İngilizce hem Fransızca konuşabilir.	3782861	Han kan tale både engelsk og fransk.
3663484	Burada mı, paket mi?	3782870	Spise her eller tage med hjem?
856765	Yakışıklı mıyım yoksa değil miyim?	3782872	Er jeg smuk eller ej?
1267407	Gidiyor musun yoksa gitmiyor musun?	3782874	Går du eller ej?
1643436	Bana paranı ver yoksa seni döverim.	3782879	Giv mig dine penge eller jeg tæsker dig.
2578181	Güzellik özneldir.	3786010	Skønhed er subjektivt.
3239610	O senin güzelliğin.	3786012	Det er din skønhed.
1496612	O, bir çocukluk arkadaşıdır.	3786039	Han er en barndomsven.
866921	İki sütlü kahve, lütfen.	3787972	To kaffe med mælk, tak.
2024010	Bu eksikti.	3789788	Dette manglede.
2067554	Bir şey eksik.	3789793	Der mangler noget.
1279639	Eksik bir sayfa var.	3789796	Der mangler en side.
2028753	Güven eksikliğim var.	3789809	Jeg mangler selvtillid.
2019657	Savaşa karşıyım.	3790009	Jeg er imod krig.
2072434	Kurallara karşı geldin.	3790034	Du brød reglerne.
2310938	Televizyonun karşısında uyudum.	3790043	Jeg sov foran TV'et.
503385	Ona saygı duyuyorlar.	3790146	De respekterer ham.
1282415	Sen iyi bir müşterisin.	3790577	Du er en god kunde.
2003442	O bunu hak etti.	3834990	Han fortjente det.
3673889	Kutuda kaç tane elma vardı?	3835198	Hvor mange æbler var der i kassen?
2099584	Hiçbir çözüm yok.	3835216	Der er ingen løsning.
1489405	Bir çözümün var mı?	3835293	Har du en løsning?
1261135	Benim bir önerim var.	3835300	Jeg har et forslag.
1480112	Herkes memnundu.	3835377	Alle var tilfredse.
1600226	Sonuçtan memnundu.	3835456	Han var tilfreds med resultatet.
2558493	Her yerdeydim.	3836009	Jeg har været overalt.
3872610	Bir porsiyon turta daha ister misiniz?	3872681	Ønsker De en portion tærte mere?
3872591	Birlikte öğle yemeği yemek ister misin?	3872701	Ønsker du at vi spiser middagsmad sammen?
4424239	Lübnan'da mı yaşıyorsun?	4425287	Bor du i Libanon?
4424108	Babam şimdi bahçede.	4425288	Min far er i haven nu.
4431044	Bu kulübün elli üyesi var.	4441353	Denne klub har halvtreds medlemmer.
4428592	Mutfağa gelmeyin.	4441359	Kom ikke ind i køkkenet.
4442303	Başka herhangi bir şeye alerjin var mı?	4442333	Er der andet du er allergisk over for?
4442293	Çin yemeğini severim.	4442341	Jeg kan lide kinesisk mad.
4575703	Gördüğümü sevmiyorum.	4879615	Jeg kan ikke lide hvad jeg ser.
4074687	Evlendiğimize memnun oldum.	4879641	Jeg er glad for at vi er blevet gift.
4512324	Köpek sokağın karşısına geçiyor.	5004692	Hunden løber over vejen.
3569094	Herkes gidiyor.	5004698	Alle går.
4035674	Tom oğlunu Fransızca öğrenmesi için yüreklendirdi.	5004711	Tom opfordrede hans søn til at lære fransk.
4783732	Kızlar yüksek sesle güldü.	5005647	Pigerne grinte højt.
3790694	Ölümden sonraki yaşama inanıyor.	5005656	Han tror på livet efter døden.
1720514	Konuyu gayet iyi biliyorum.	5005693	Jeg er velbekendt med emnet.
1720514	Konuyu gayet iyi biliyorum.	5005696	Emnet er mig velbekendt.
1640417	Bir bozayı tarafından saldırıya uğrarsam ne yapmalıyım?	5005727	Hvad skal jeg gøre, hvis jeg bliver angrebet af en gråbjørn?
4740944	Akşam yemeğinden hemen sonra ev ödevimi yapacağım.	5005733	Jeg vil lave mine lektier lige efter aftensmaden.
1339395	Ben gerçekten zor bir gün geçirdim.	5005781	Jeg har haft en rigtig hård dag.
8559170	Ülkemin Avrupa Birliği üyesi olmasını istemiyorum.	8560037	Jeg ønsker ikke at mit land skal blive medlem af Den Europæiske Union.
9084229	Güneş sıcaktır.	9086104	Solen er varm.
9084231	Adam kadını öldürdü.	9086106	Manden dræbte kvinden.
9084226	Büyük bir sandalye istiyorum.	9086110	Jeg vil have en stor stol.
9084224	O asker değil.	9086112	Han er ikke soldat.
10471213	Niye yemiyorsun?	10471276	Hvorfor spiser du ikke?
11100203	Bu evi bayağı beğeniyorum.	11132349	Jeg kan virkelig godt lide dette hus.
6719522	Sami o karara itiraz ediyor.	12097096	Sami appellerer den afgørelse.
12654746	Tom'a mektup yazıyorum.	12679923	Jeg skriver et brev til Tom.
13042065	Su içiyor musun?	13076017	Drikker du vand?
13355482	Neden buradayım?	13356275	Hvorfor er jeg her?
