337609	Може піти сніг.	337720	Il neigera peut-être.
337695	Цей роман написав відомий американський письменник.	373583	Ce roman a été écrit par un célèbre écrivain américain.
337514	Як ти ставишся до того, щоб погуляти в парку?	373584	Que penserais-tu d'une balade au parc ?
337588	Прошу, дайте мені ще один шанс.	373585	Je vous en prie, donnez-moi encore une chance.
337709	Забронюйте, будьте ласкаві, кімнату біля міжнародного аеропорту в Торонто.	373586	S'il vous plaît, pourriez-vous me réserver une chambre près de l'aéroport international de Toronto ?
337495	Я бачив, як він біг.	373587	Je l'ai vu courir.
337442	Я сказав собі: «Це гарна ідея».	373588	Je me suis dit : « C’est une bonne idée. »
337444	Як на мене, то наразі помовчу.	373589	En ce qui me concerne, je n’ai pour le moment rien à dire.
337775	Тьху! Мій комп'ютер знов завис!	373590	Argl ! Mon ordinateur a encore planté !
337674	Він чекав на нього до десятої години.	373591	Il l’a attendu jusqu'à 10 heures.
337452	Я навчився жити без неї.	373592	J’ai appris à vivre sans elle.
337487	Я біжу якомога швидше, щоб наздогнати його.	373593	Je cours le plus vite possible pour le rattraper.
337653	Я живу в Японії.	373594	Je vis au Japon.
337701	Його рідна країна — Грузія.	373595	Il est originaire de Géorgie.
337659	Тоді Мексика ще не була незалежною від Іспанії.	373596	À cette époque, le Mexique n'était pas encore indépendant de l'Espagne.
337699	Латинська — мертва мова.	373597	Le latin est une langue morte.
337605	Випало багато снігу.	373598	Il est tombé beaucoup de neige.
337459	Наприклад, тобі подобається англійська?	373599	Par exemple, est-ce que tu aimes l’anglais ?
337665	Швейцарія — нейтральна країна.	373600	La Suisse est un pays neutre.
337531	Людина — це єдина тварина, яка може сміятися.	373601	L’Homme est le seul animal qui peut rigoler.
337673	Знати — це одне, робити — інше.	373604	Le savoir c’est une chose, le faire c’en est une autre.
337461	Коли Вам буде зручно?	373605	Quand est-ce que ça vous arrangera ?
337677	Нам треба звертати увагу на сигнал світлофора.	373606	Nous devons faire attention au feu rouge.
337426	Поки я не подзвонив, він не прийшов.	373607	Il n’est pas venu avant que je ne l’appelle.
337634	Він повернувся з Китаю.	373608	Il est revenu de Chine.
337573	Цей сад найкраще виглядає весною.	373609	Ce parc est plus joli au printemps.
337739	Я надаю перевагу печиву або цукеркам, а не алкоголю, але я таки п'ю.	373610	Je préfère les biscuits ou les bonbons à l'alcool, cela dit j'en bois quand même.
337696	Багато англійськіх слів походить з латинської мови.	373611	Beaucoup de mots anglais sont d'origine latine.
337693	Підійде будь-який папір.	373612	N’importe quel papier conviendra parfaitement.
337678	Окрім всього цього, він може читати на івриті.	373613	Et pour couronner le tout, il peut lire en hébreu.
337534	Він ніжно поклав руку на її плече.	373614	Il a posé tendrement sa main sur son épaule.
337760	Ти можеш придумати щось краще?	373615	Tu peux trouver une meilleure idée ?
337689	Цього ти хотів?	373616	C’est ce que tu voulais ?
337456	Тобі краще поспати.	373617	Tu ferais mieux de dormir.
337637	Корабель перевозить сировину з Індонезії.	373619	Le bateau transporte des matières premières d’Indonésie.
337541	Сьогодні жахливо холодно.	373620	Aujourd’hui, il fait horriblement froid.
337628	Ця традиція зародилася в Китаї.	373621	Cette tradition est née en Chine.
337451	Я не знаю, що ще можна зробити.	373623	Je ne sais plus quoi faire.
337514	Як ти ставишся до того, щоб погуляти в парку?	373625	Qu’est ce que tu dirais d’aller faire un tour au parc ?
337759	Тому що всі його друзі теж були бідними.	373626	Parce que tous ses amis étaient pauvres également.
337625	Франція воювала з Росією.	373627	La France était en guerre avec la Russie.
337479	Ти не знаєш, де мій годинник?	373628	Tu ne sais pas où est ma montre ?
337778	Я якраз думав про нову роботу.	373629	Je pensais justement à un nouveau travail.
337686	Вона не гарніша за свою матір.	373631	Elle n’est pas plus belle que sa mère.
337575	Цей сир виготовлено з овечого молока.	373632	Ce fromage est fait avec du lait de chèvre.
337692	Мері замкнулася в кімнаті та закрила всі вікна.	373633	Marie s’est enfermée dans la chambre et a fermé toutes les fenêtres.
337454	Мені завжди більше подобалися загадкові персонажі.	373634	J’ai toujours préféré les personnages mystérieux.
337643	Він був у Франції.	373635	Il était en France.
337435	У Майка є декілька друзів у Флориді.	373637	Mike a quelques amis en Floride.
337613	У нас у січні йде сніг.	373638	Chez nous, il neige en janvier.
337425	Як би ти не намагався, ти не вивчиш англійську за два-три місяці.	373686	Quels que soient tes efforts, tu ne pourras pas apprendre l’anglais en deux-trois mois.
337782	Ті, хто все забувають, щасливі.	373687	Heureux ceux qui ont la mémoire courte.
337664	Швейцарія — гарна країна.	373688	La Suisse est un beau pays.
337744	Я прийду до тебе через годину.	373690	J’arrive chez toi dans une heure.
337744	Я прийду до тебе через годину.	373691	Je viendrai chez toi dans une heure.
337706	Канада більша за Японію.	373692	Le Canada est plus grand que le Japon.
337445	Мій дядько вчора помер від раку шлунку.	373693	Mon oncle est mort hier d’un cancer à l’estomac.
337748	Що ти тут робиш?	373695	Qu'est-ce que tu fais là ?
337585	Я попав під дощ і промок.	373696	J’ai été pris sous la pluie, et suis tout trempé.
337779	Пригощайся чим завгодно.	373698	Sers-toi, mange ce que tu veux.
337443	Ми збиралися пробути там біля двох тижнів.	373720	Nous avions l’intention de rester là près de deux semaines.
337644	Савако хоче поїхати до Франції.	373723	Sawako veut aller en France.
337621	Мені наснився жахливий сон.	373725	J’ai fait un rêve horrible.
337694	Зручно жити так близько біля станції.	373728	C’est pratique d’habiter si près de la station.
337615	Сніг розтав.	373734	La neige a fondu.
337679	Джон пішов з цієї компанії і заснував власну.	373736	John est parti de cette entreprise et a fondé la sienne.
337633	У Японії є дипломатичні стосунки з Китаєм.	373746	Le Japon a des relations diplomatiques avec la Chine.
337645	Рейн тече поміж Францією та Німеччиною.	373749	Le Rhin coule entre la France et l’Allemagne.
337608	Йде сніг.	373751	Il neige.
337657	Ірландія відома своїм мереживом.	373763	L’Irlande est réputée pour sa dentelle.
337635	Він написав книжку про порцеляну.	373774	Il a écrit un livre sur la porcelaine.
337594	Я все сказав.	373777	J’ai tout dit.
337691	Це коштувало менше, ніж п'ятнадцять доларів.	373780	Ça coûtait moins de quinze dollars.
337583	Гора вкрита снігом.	373792	La montagne est recouverte de neige.
337528	Я передзвоню тобі пізніше.	373796	Je te rappelle plus tard.
337666	Це вироблено в Швейцарії?	373814	C’est produit en Suisse ?
337439	Я зустрінуся з тобою в неділю о третій.	373820	On se voit dimanche à trois heures.
337481	Є ще одне питання, яке нам так само треба обміркувати.	373824	Il reste encore une question que nous devons discuter.
337623	Наша компанія планує побудувати новий хімічний завод у Росії.	373832	Notre entreprise a le projet de construire une nouvelle usine chimique en Russie.
337544	У цю суму включено податки.	373833	Cette somme inclut les taxes.
337577	Він спить як немовля.	373843	Il dort comme un bébé.
337651	Біл був у Японії.	373844	Bill était au Japon.
337651	Біл був у Японії.	373845	Bill a été au Japon.
337566	Я не хотів нікого образити.	373846	Je ne voulais vexer personne.
337427	У всесвіті багато галактик.	373847	Dans l’univers il y a beaucoup de galaxies.
337643	Він був у Франції.	373853	Il a été en France.
337494	Ліки прискорили процес росту.	373858	Les médicaments accéléraient la croissance.
337738	Коли я був у Парижі, я його зустрів.	373860	Je l’ai rencontré lorsque j’étais à Paris.
337493	Не всі, хто тут живе, багаті.	373868	Tous ceux qui habitent ici ne sont pas forcément riches.
337754	Він знає, що ти його кохаєш?	373874	Sait-il que tu l’aimes ?
337697	Мало студентів, які розуміють латинську.	373877	Il y a peu d’étudiants qui comprennent le latin.
337654	Я повернувся до Японії.	373890	Je suis revenu au Japon.
384370	Привіт, Мімі! Як справи?	423237	Salut, Mimi ! Comment ça va ?
337667	Він поїхав до Швейцарії.	432254	Il est allé en Suisse.
414828	Вона загубила гроші, сім'ю, друзів.	433179	Elle a perdu son argent, sa famille et ses amis.
337744	Я прийду до тебе через годину.	460741	Je viendrai te voir dans une heure.
491036	На дворі дощить.	491038	Il pleut dehors.
491041	Не кидай мене!	491042	Ne m'abandonne pas !
491048	Хай щастить!	491051	Bon courage !
491241	Казна що!	491243	N'importe quoi !
491302	В Україні я завжди говорю українською.	491305	En Ukraine, je parle toujours ukrainien.
492710	Кіт спить на стільці.	492721	Un chat dort sur une chaise.
493841	Я тобі задзвоню, як тільки звільнюся.	493845	Je t'appelle dès que je suis libre.
493849	Чому зі мною весь час трапляється одне й те саме?	493853	Pourquoi m'arrive-t-il toujours la même chose ?
493848	Не барися!	493854	N'y sois pas trop long !
493856	Дякую тобі за те, що ти є.	493861	Je te remercie de ton existence.
492349	Ви маєте трьох котів.	494161	Vous avez trois chats.
478858	Будь ласка, почекай півгодини.	494163	Attends une demi-heure, s'il te plaît.
485009	Він приніс свого собаку до школи.	494166	Il a apporté son chien à l'école.
414680	Я двічі був у Кіото.	494192	J'ai été à Kyoto deux fois.
472479	Я отримав лист від друга.	494197	J'ai reçu une lettre d'ami.
470545	Я налив у відро води.	494201	J'ai versé de l'eau dans le seau.
478659	Це місто знаходиться на заході від Лондона.	494204	Cette ville se trouve à l'ouest de Londres.
467470	Місто розташоване на схід від Лондона.	494212	Cette ville se trouve à l'est de Londres.
471196	Вона плакала, читаючи лист.	494219	Elle pleurait en lisant la lettre.
490088	Він француз.	494239	Il est français.
497813	Діти завжди хочуть стати дорослими.	497816	Les enfants veulent toujours devenir adultes.
414768	Кролики висунули мордочки.	502522	Les lapins ont sorti leurs petits museaux.
502629	«Україно, вперед!», — ревіли вболівальники.	502630	« Allez, l'Ukraine ! », hurlaient les fans.
504733	Краса — це зупинена мить.	504738	La beauté c'est un instant suspendu.
506462	Хто знає, куди подівся Микола?	506463	Qui sait où Mykola est passé ?
506466	Бідне! Воно навіть не знає, що на нього чекає!	506468	Le malheureux ! Il ne sait même pas ce qui l'attend !
506466	Бідне! Воно навіть не знає, що на нього чекає!	506469	La malheureuse ! Elle ne sait même pas ce qui l'attend !
506471	Цікаво, а що ж буде?	506472	Je me demande ce qui va se passer.
507008	Готуйся! Завтра останній день.	507010	Prépare-toi. Demain c'est le dernier jour.
507042	А що люди скажуть?	507045	Et les gens, qu'est-ce qu'ils vont dire ?
507787	В неї є коханці на кожний день тижня.	507792	Elle a des amants pour chaque jour de la semaine.
507824	Вона ніколи про це не розповість.	507826	Elle n'en parlera jamais.
511334	Я люблю вивчати давні мови.	511335	J'aime apprendre des langues anciennes.
513137	Він усміхнувся мені у відповідь.	513139	Il m'a répondu d'un sourire.
513216	Я боюся грози.	513224	J'ai peur de l'orage.
513843	Банкомат, що в супермаркеті, працює?	513846	Le distributeur, qui est au supermarché, est-ce qu'il marche ?
515505	Давні єгиптяни створили дуже розвинену цивілізацію.	515507	Les anciens Égyptiens bâtirent une civilisation très avancée.
518075	Ти знову не прийшов! А я так чекав...	518078	Tu n'es pas revenu ! Et moi, je t'attendais tellement...
518305	Я голився і порізався.	518306	Je me rasais et je me suis coupé.
518307	Я порізався, коли голився.	518309	Je me suis coupé en me rasant.
518313	Попсова музика розвиває поганий смак.	518315	La musique pop cultive le mauvais goût.
518316	Це дурний тон.	518318	C'est de mauvais goût.
517267	Він взяв участь в дебатах.	520414	Il a participé aux débats.
470997	Не зупиняйтеся тут.	520415	Ne vous arrêtez pas ici.
472004	Кен має більше книг, ніж ти.	520416	Ken a plus de livres que toi.
485982	Не варто покладатися на ці дані. Вони далекі від істини.	520417	Il ne faut pas se fier à ses données. Elles sont loin de la vérité.
496893	О Боже. Я спізнюсь на уроки.	520419	Oh bon sang, je vais être en retard en cours.
494962	Наступного місяця буде 5 років, відколи він почав грати на скрипці.	520420	Le mois prochain, ça fera 5 ans qu'il a commencé à jouer du violon.
491107	Це був парад з великої літери.	520423	Ça, c’était une parade avec un «P» majuscule.
497068	Мені подобається смак кавуна.	520425	Le goût de la pastèque me plaît.
504005	Я краще помру, ніж зроблю це.	520427	Je préfère encore mourir que de faire ça.
521021	Куди ти поїдеш у відпустку?	521023	Où vas-tu en vacances ?
524905	Він звик до нового способу життя.	525107	Il s’est habitué à son nouveau mode de vie.
524904	Вона багата, а він бідний.	525109	Elle est riche, mais lui est pauvre.
524897	Він поставив кілька питань про мене.	525111	Il a posé quelques questions à mon propos.
524895	Його лекція почалася вчасно.	525112	Son cours a commencé à l’heure.
524893	Я вмію водити машину.	525115	Je sais conduire.
524873	Він говорив десять хвилин без зупинки.	525116	Il a parlé dix minutes sans interruption.
524858	Будинок не ідеальний, але нормальний.	525121	La maison n’est pas idéale, mais elle est convenable.
524856	Не знаю, як вам дякувати за вашу доброту.	525122	Je ne sais pas comment vous remercier pour votre gentillesse.
524849	Мені дуже шкода твою сестру.	525124	Je suis navré pour ta sœur.
524832	Я хочу, щоб ти лишився зі мною.	525126	Je veux que tu restes avec moi.
524831	Я хочу, щоб ви залишилися зі мною.	525128	Je veux que vous restiez avec moi.
524828	Він пообіцяв не говорити.	525129	Il a promis de ne pas parler.
524826	Наступного року мені буде сімнадцять.	525130	L’année prochaine, j’aurai dix-sept ans.
524081	Наступного року ти вмітимеш добре ходити на лижах.	525132	L’année prochaine tu sauras bien skier.
524080	Я залишився вдома на цілий день.	525134	Je suis resté à la maison toute la journée.
524042	Чи вона знає твій телефонний номер?	525136	Connaît-elle ton numéro de téléphone ?
524040	Та жінка, що приходила сюди вчора - панна Ямада.	525137	La femme qui est venue hier est Madame Yamada.
473975	Я не думаю, що технологія може надати нам усе, що нам потрібно.	529803	Je ne pense pas que la technique puisse nous apporter tout ce dont nous avons besoin.
532892	Ти уявляєш?!	532899	Tu t'imagines ?
533258	Кажи, що хочеш, а я зроблю по-своєму!	533260	Quoi que tu dises, je ferai à ma façon !
533350	Я гуляв у лісі сам.	533553	Je me promenais seul en forêt.
533044	Пиріг не допікся.	533554	Le gâteau n’est pas assez cuit.
384369	Він випадково поклав сіль у свою чашку кави.	533555	Il a mis par erreur du sel dans sa tasse de café.
384362	Вони прив’язали злодія до дерева.	533558	Ils ont attaché le voleur à un arbre.
384381	Герой у кінці книги помирає.	533559	Le héros meurt à la fin du livre.
384380	Як жаль, що в мене немає саду!	533561	Quel dommage que je n’ai pas de jardin !
384375	Це слово також французьке за походженням.	533562	Ce mot est également d’origine française.
384555	Сьогодні національне свято.	533563	Aujourd’hui c’est fête nationale.
384389	Ти нагадуєш мені про свою мати.	533564	Tu me rappelles ta mère.
384388	Він експерт з астрономії.	533565	C’est un expert en astronomie.
385410	Він почув шум із кухні.	533566	Il a entendu un bruit de la cuisine.
386285	Я прийшла до школи вчасно.	533568	Je suis arrivée à l’heure à l’école.
386037	Обидві сестри білявки.	533570	Les deux sœurs sont blondes.
385817	У твоєму творі немає помилок.	533573	Il n’y a pas de faute dans ta rédaction.
386852	Не плутай бажання з коханням.	533575	Ne confonds pas le désir avec l’amour.
491326	Ми довго чекали у парку.	534975	Nous avons longtemps attendu dans le parc.
538613	Сьогодні зранку я пішов у парк.	539471	Ce matin je suis allé au parc.
538151	Його руки були сині від холоду.	539473	Ses mains étaient bleues de froid.
538150	Фабрика виробляє новий тип автомобіля.	539474	L’usine fabrique un nouveau type de voitures.
512397	Ти зробив багато помилок.	541070	Tu as fait beaucoup de fautes.
548597	У Тунісі всі гарно говорять французькою.	548602	En Tunisie tout le monde parle bien français.
548612	Римляни повністю зруйнували Карфаген під час Третьої Пунічної війни.	548616	Les Romains détruisirent complètement Carthage lors de la Troisième Guerre punique.
499697	Були присутні сорок чоловік.	558452	Quarante personnes étaient présentes.
562991	Я радий, що побачу тебе, коли буду в Чехії.	563001	Je suis content car je te verrai quand je serai en Tchéquie.
597511	Вона справжня відьма!	597513	C'est une vraie sorcière !
410899	Вишні червоні.	598296	Les cerises sont rouges.
618793	Це правда.	618797	C'est vrai.
633554	Якщо хочеш бути щасливим, будь ним.	633559	Si tu veux être heureux, sois-le.
637830	Вчора ми приготували смачну рибу в новій мікрохвильовці.	637831	Hier on a préparé du poisson délicieux dans un nouveau micro-onde.
646296	Якщо хто не хоче працювати, то нехай він і не їсть.	646343	Si quelqu'un ne veut pas travailler, qu'il ne mange pas non plus.
646370	Нема нічого закритого, що не відкриється.	646382	Il n'y a rien de caché qui ne se découvre.
494971	Молодь в нашій країні не цікавиться політикою.	650916	La jeunesse de notre pays n'est pas intéressée par la politique.
472694	Твій стілець такий самий, як у мене.	678608	Votre chaise est la même que la mienne.
500947	Це не тигр.	711289	Ce n'est pas un tigre.
504911	Будь ласка, застебніть ремені безпеки і приготуйтеся до відправлення.	713364	Veuillez boucler vos ceintures et vous tenir prêts au départ.
468496	Цей будинок не продається.	790596	Cette maison n'est pas à vendre.
523436	Якщо маєш якісь гроші, позич мені трохи.	864584	Si vous avez l'argent, prêtez-m'en un peu.
499141	Телевізор руйнує родинне життя.	1071292	La télévision détruit la vie de famille.
522602	Я впевнений, що він тобі довіряє.	1122866	Je suis sûr qu'il te fait confiance.
501887	Коли Майк прийшов до Джейн, вона спала.	1155920	Quand Mike s'est rendu à la maison de Jane, elle dormait.
501252	Він вищий за мене на п'ять сантиметрів.	1158793	Il est cinq centimètres plus grand que moi.
589090	Як ви знайшли мій будинок?	1165463	Comment avez-vous trouvé ma maison?
471628	Проходьте, будь ласка, і не загороджуйте шлях.	1170510	Circulez s'il vous plait, n'encombrez pas le passage.
918470	Де ти вчив англійську?	1371224	Où as-tu appris l'anglais?
482757	У мене болить той зуб.	1371228	Cette dent me fait mal.
530336	Думка про те, що все можна купити за гроші, невірна.	1371230	Le fait de penser que tout peut s'acheter est faux.
546402	Ми використовуємо земні ресурси так, наче вони безкінечні.	1371237	Nous avons utilisé les ressources terrestres comme ci elles étaient illimitées.
512428	Давай зараз розвернемося і підемо назад.	1371268	Faisons demi-tour et revenons maintenant.
468342	Я був зайнятий.	1371270	J'étais très occupé.
500876	У мене було не більше тисячі єн.	1371273	Je n'ai pas plus de 1000 yen.
485067	Нарешті я завоювала його серце.	1507466	J'ai enfin gagné son cœur.
425625	Добрий вечір, як твої справи?	1567564	Bonsoir, comment ça va ?
422160	Правда очі коле.	1573029	Un vrai coup dans l'œil.
1595467	Абстрактний живопис зараз у моді.	1595470	La peinture abstraite est en vogue ces jours-ci.
1598458	Том скупий.	1598460	Tom est avare.
507201	Я дам їй книгу завтра.	1643945	Je lui donnerai son livre demain.
889661	Яка мати, така й донька.	1643950	Telle mère, telle fille.
1699564	Том дав Марі трохи ïжі.	1699567	Tom a donné à Marie un peu de nourriture.
1653494	Він викладає дітям іспанську.	2436266	Il apprend l'espagnol aux enfants.
2637352	Не бійся, я з тобою.	2637355	N'aie pas peur, je suis avec toi.
2637357	Це ти йому розповів таємницю?	2637358	C'était toi qui lui as raconté le secret ?
2804779	Африка є колискою людства.	2804786	L'Afrique est le berceau de l'humanité.
499954	Той фільм варто подивитись.	2924443	Ce film mérite d'être vu.
1601583	Том зізнався, що він вбив Мері.	2924453	Tom a reconnu avoir tué Marie.
677647	Ми повільно йшли шляхом.	2924461	Nous marchions lentement au bord de la route.
916107	Вона відвідала мене вчора.	4450387	Elle m'a rendu visite hier.
490655	Компанія придбала нову інформаційну систему.	4450518	L'entreprise a acheté un nouveau système informatique.
4486753	Я її не цілував.	4486755	Je ne l'ai pas embrassée.
4486752	Зроби зусилля.	4486756	Fais un effort.
4660615	Олександра перейшла на російську.	4662370	Alexandra est passée au russe.
4660583	Коли ти почав?	4662372	Quand as-tu commencé ?
4653489	Том зачинив дверь.	4662377	Tom a fermé la porte.
4638941	Я сказала все, що мала сказати.	4662379	J'ai dit tout ce que j'avais à dire.
4671498	Мені потрібно трохи поспати.	4671505	J'ai besoin de dormir un peu.
4671492	Я побачу Тома завтра.	4671507	Je verrai Tom demain.
4671483	Запитай Тома де знаходиться Мері.	4671508	Demande à Tom où se trouve Mary.
4811124	Кіт гріє мені ноги.	4811817	Le chat me chauffe les pieds.
4811124	Кіт гріє мені ноги.	4811818	Un chat me chauffe les pieds.
4809168	Ви знаєте, що я тут бачу?	4811823	Vous voyez ce que je vois ici ?
4826409	Я ще не готовий це зробити.	4827084	Je ne suis pas encore prêt à faire cela.
4824796	Гав, гав, гав!	4827088	Ouah, ouah, ouah !
4828967	Я вже роки не почувався так добре.	4832988	Cela fait des années que je ne me suis pas senti aussi bien.
4828464	Жінки не звертають на нього увагу.	4832989	Les femmes ne font pas attention à lui.
4837203	Чесно кажучи, я його ненавиджу.	4837345	À vrai dire, je le déteste.
4835579	Це все, що ми про нього знаємо.	4837365	C'est tout ce que nous savons de lui.
4833334	Чи я в Лондоні?	4837372	Est-ce que je suis à Londres ?
4839890	Вона красива?	4841354	Elle est belle ?
4838452	Я побачу її завтра вранці.	4841355	Je la verrai demain matin.
4837336	Чи туди, чи сюди.	4841356	Ici ou là.
4837213	Ми познайомилися минулого року.	4841357	Nous avons fait connaissance l'année dernière.
4837210	Ми зустрілися минулого року.	4841359	Nous nous sommes rencontrés l'année dernière.
4836796	Ніхто її не помітив.	4843586	Personne ne l'a remarquée.
4836534	Як нам його врятувати?	4843587	Comment pouvons-nous le sauver ?
4836133	Я схильна вам повірити.	4843589	Je suis tentée de vous croire.
4836131	Я схильний вірити вам.	4843590	Je suis tenté de vous croire.
4835564	Її мати зробила її такою, якою вона є зараз.	4843591	Sa mère l'a faite telle qu'elle est maintenant.
4833331	Я в Лондоні?	4843593	Je suis à Londres ?
4833299	Ти закохаєшся у Бразилію.	4843594	Tu vas tomber amoureux du Brésil.
4852563	Це було моє.	4852578	C'était à moi.
4851968	Візьми свої речі.	4852628	Prends tes affaires.
4848571	Він завжди має рацію.	4852630	Il a toujours raison.
1793052	Як умру, то поховайте Мене на могилі, Серед степу широкого, На Вкраїні милій.	4952766	Quand je mourrai, enterrez-moi au milieu de nos plaines, sur un tertre au milieu des steppes de ma si douce Ukraine.
513690	Я не пішов, бо був втомлений.	5223347	Je n'y suis pas allé car j'étais fatigué.
5237886	Я не дозволю тобі повернутися до Бостону.	5237951	Je ne te permettrai pas de retourner à Boston.
5231328	Вона не любить працювати.	5237955	Elle n'aime pas travailler.
5243850	Я більше так жити не можу.	5243877	Je ne peux plus vivre comme ça.
6053931	Вам подобається ця пісня?	6054487	Cette chanson vous plaît ?
6053930	Тобі подобається ця пісня?	6054489	Cette chanson te plaît ?
6072600	Я думаю.	6072828	Je pense.
6072594	Мені подобається ваш костюм.	6072831	Votre costume me plaît.
6072596	Я вже сказав вам все, що знаю.	6072839	Je vous ai déjà dit tout ce que je savais.
6084827	Так йому й треба.	6086479	C'est bien fait pour lui.
6084818	Так вам і треба.	6086482	C'est bien fait pour vous.
6084758	Подумайте про них.	6086486	Pensez à eux.
6084756	Подумай про них.	6086488	Pense à eux.
6188135	Зробити це буде неважко.	6190869	Il serait facile de faire ça.
6188135	Зробити це буде неважко.	6190870	Il ne serait pas difficile de faire ça.
5197129	Це чудовий малюнок.	6195343	C'est un magnifique dessin.
5197126	Це чудова фотографія.	6195345	C'est une magnifique photographie.
5197128	Це чудова картина.	6195347	C'est un magnifique tableau.
5863498	Навіщо ти це робиш, Томе?	6195358	Pourquoi tu fais ça, Tom?
6087083	Шкода, що я не міг допомогти Тому більше.	6195370	C'est dommage que je n'aie pas pu aider Tom davantage.
5749923	Просто візьми мій.	6195404	Prends simplement le mien.
5886566	Я вже написала три книжки.	6195409	J'ai déjà écrit trois livres.
5868969	Том нікому не довіряв.	6195423	Tom ne faisait confiance à personne.
6058076	Том сказав нам, що ти теж канадієць.	6195424	Tom nous a dit que tu étais canadien, toi aussi.
5904489	Ти знав, що Том вегетаріанець?	6195425	Tu savais que Tom est végétarien?
5904006	Це ти дав Тому того собаку?	6195476	Est-ce toi qui as donné ce chien à Tom ?
6083552	Думаєш, Том дістанеться додому рано?	6195489	Penses-tu que Tom rentrera tôt à la maison ?
5811887	Том народився у дев'яності.	6195490	Tom est né dans les années 90.
5910463	Я сяду з Томом.	6195491	Je m'assoirai avec Tom.
5805135	Том говорив про Мері.	6195502	Tom parlait de Marie.
5904330	Том це тобі дійсно сказав?	6195503	Tom t'a vraiment dis ça?
504180	Учора погода була дуже поганою.	6398412	Hier, le temps était très mauvais.
6103519	Що ти робитимеш зі своїми грошима?	6591605	Qu'est-ce que tu feras avec ton argent ?
5713151	Не чекай не дива.	6592748	N'attends pas de miracles.
6313218	Це не так складно, як ти гадаєш.	6891548	Ce n'est pas aussi difficile que tu ne le penses.
7433597	Ви росіяни?	7433624	Es-tu russe ?
472297	Це не твоя справа.	8158355	Ce n'est pas tes oignons.
6030315	Том рідко ставить на уроці питання.	8220205	Tom pose rarement des questions en classe.
6069995	Я не зміг зробити того, про що мене попросив Том.	8423439	Je n'arrivais pas à faire ce que Tom m'a demandé de faire.
8660246	Воно мале.	8660248	C'est petit.
7256570	Мені здається, він тобі подобається.	8874970	Je pense tout comme lui.
8905049	Я знаю, що Том буркотун.	8905059	Je sais que Tom est un grognon.
11217916	Що їдять на сніданок в Україні?	11217922	Que mange-t-on au petit-déjeuner en Ukraine ?
6282784	Коли Том робив це останнього разу?	11293617	À quand remonte la dernière fois que Tom a fait ça ?
8375981	Ми не можемо лишити Тома тут.	11322361	Nous ne pouvons pas laisser Tom ici.
7108728	Том точно знав, що сказати.	11322572	Tom savait exactement quoi dire.
9683725	Причини ми не знаємо.	11322599	Nous ne connaissons pas la raison.
6582706	Він має трьох дітей.	11542668	Il a trois enfants.
683811	Мене дивує його безвідповідальне ставлення.	11551193	Je suis étonné par son attitude irresponsable.
8049905	Я намагаюся заспокоїти Тома.	11570309	J'essaie de tranquilliser Tom.
6143704	Я не думаю, що вони можуть це зробити.	11736958	Je ne pense pas qu'ils puissent le faire.
490462	Чи є імовірність того, що він прийде?	11796559	Y a-t-il une chance qu'il vienne ?
7611052	У мене дірка в одній з моїх кишень.	11834974	J'ai un trou dans une de mes poches.
11954685	Хто знає, де розташована могила Тараса Шевченка?	11954708	Qui sait où se trouve la tombe de Taras Chevtchenko ?
6119000	Ангели існують?	12038364	Les anges existent-ils ?
6119000	Ангели існують?	12038370	Ça existe, les anges ?
6942348	Ти це дивишся?	12043619	Tu regardes ça ?
7959010	У вас є фотографії Бостона?	12058645	Avez-vous des photographies de Boston ?
5917572	Батьки Тома були вчителями.	12064043	Les parents de Tom étaient enseignants.
11777919	Дяк!	12073973	mrc !
7666548	Мері стоматолог, так?	12077915	Marie est dentiste, n'est-ce pas ?
8682255	Я знаю, що Том просто зараз у Австралії.	12147995	Je sais que Tom est actuellement en Australie.
7870402	Я би про це не дуже турбувався.	12153471	Je ne m'en inquiéterais pas trop.
7529198	Не думаю, що ми знову зустрінемося.	12176440	Je ne pense pas que nous nous reverrons.
7682061	Том зовсім цього не очікував.	12216849	Tom ne s'attendait pas du tout à cela.
9181786	Мені шкода, але в мене чіткі інструкції : нікого без запрошення вступи. Якщо у вас запрошення немає, ви мусите залишатися назовні.	12258864	Je suis désolé, mais j'ai des instructions claires : personne n'entre sans invitation. Si vous n'avez pas d'invitation, vous devez rester dehors.
9177732	Нас чекає сувора зима.	12271715	Un hiver rigoureux nous attend.
6390176	Ти дуже незграбний хлопець.	12274156	Tu es un garçon très maladroit.
5865288	Чому шеф-кухарі лисі?	12286264	Pourquoi les chefs cuisiniers sont-ils chauves ?
5957932	Я збираю валізи.	12287907	Je fais mes valises.
12334080	А це спальня.	12337927	Et voici la chambre.
12396955	Біда людей єднає.	12396958	La misère unit les gens.
12396955	Біда людей єднає.	12396959	L'adversité unit les gens.
12397041	Більше діла, менше слів.	12397042	Plus d'actions, moins de mots.
12396953	Він бігає, як солений заєць.	12397245	Il court comme un lièvre salé.
12399375	В одне вухо входить, через друге вилітає.	12399376	Ça rentre par une oreille, ça sort par l'autre.
513933	У вас є таке саме, але більшого розміру?	12539404	Avez-vous le même mais en plus grande taille ?
513933	У вас є таке саме, але більшого розміру?	12539405	Avez-vous la même mais en plus grande taille ?
6278405	Я попрошу Тома показати Мері, як це зробити.	12557969	Je vais demander à Tom de montrer à Marie comment faire cela.
6557312	Том вважає, що це був розігриш.	12607519	Tom pense que c'était une farce.
8049975	Чому б вам не почитати інструкції?	12607783	Pourquoi ne pas lire les instructions ?
7426642	Навчіть мене робити салат.	12805852	Apprenez-moi à faire une salade.
7878770	У мене брудні чоботи.	12909880	J'ai des bottes sales.
6282960	Яке це має до цього відношення?	12930973	Qu'est-ce que cela a à voir avec ça ?
7809695	Я не боюся поліцейських.	12990158	Je n'ai pas peur de la police.
7809695	Я не боюся поліцейських.	12990159	Je n'ai pas peur des agents de police.
10697257	Я не розмовляю польською.	13032124	Je ne parle pas polonais.
10697257	Я не розмовляю польською.	13032125	Je ne parle pas le polonais.
13035162	Хто приніс вино?	13035163	Qui a apporté le vin ?
9566004	Деяким людям бракує совісті.	13041959	Certaines personnes manquent de conscience.
8106931	Чому вона змінила тему?	13103408	Pourquoi a-t-elle changé de sujet ?
7080176	У будь-якому разі, він мені не дуже подобається.	13189017	En tout cas, je ne l'aime pas vraiment.
6769704	Це не для мене.	13207645	Ce n'est pas fait pour moi.
7623236	Том може відімкнути будь-який замок.	13207666	Tom peut ouvrir n'importe quelle serrure.
13213284	Ми будемо тримати вас в курсі.	13213291	Nous vous tiendrons au courant.
7545072	Я не знав, що Том не вміє водити машину.	13275253	Je ne savais pas que Tom ne savait pas conduire.
7743806	Том зробив це, коли був п'яний.	13294725	Tom a fait ça quand il était ivre.
13322218	Вже сьома ранку.	13322223	Il est déjà sept heures du matin.
494325	Ціни на овочі знижуються.	13322345	Les prix des légumes sont en baisse.
8119285	Чому вона телефонувала?	13342122	Pourquoi appelait-elle ?
8119285	Чому вона телефонувала?	13342123	Pourquoi téléphonait-elle ?
8375986	Це твої студенти?	13374254	Est-ce que ce sont tes étudiants ?
8375988	Це ваші студенти?	13374256	Est-ce que ce sont vos étudiants ?
5895806	Зателефонуйте їй о третій.	13388705	Appelez-la à trois heures.
13393214	Він був здатний надзвичайно добре контролювати себе.	13393217	Il était remarquablement capable de se contrôler.
11067112	Народ Тайваню не хоче, щоб ним керував Пекін.	13398059	Le peuple de Taïwan ne veut pas être gouverné par Pékin.
11047333	Я мушу.	13399131	Je dois.
1582810	Він шахрай.	13402290	C'est un filou.
13405390	Демократія просуває свободу.	13405391	La démocratie favorise la liberté.
