5731665	На Західному фронті без змін.	1185001	На Запад ништо ново.
2155075	Книга маленька.	2155082	Книгата е мала.
7316813	Дерево зелене.	2412997	Дрвото е зелено.
6691530	Сонце червоне.	2413111	Сонцето е црвено.
3177096	Це птах.	3154121	Тоа е птица.
4337244	Все чи нічого.	4048421	Се или ништо.
7743411	Майк добре співає.	4052328	Мајк добро пее.
3729469	У лісі я побачив зайця.	4053827	Видов зајак во шумата.
5144568	Квіти приваблюють бджіл.	4056227	Цвеќињата привлекуваат пчели.
8798893	Ми занадто п'яні.	4056730	Премногу сме пијани.
495338	Привіт, Томе.	4056968	Здраво, Том.
5168774	Без коментарів.	4057002	Немам коментар.
5151003	Я проковтнув жука.	4059772	Проголтав бубачка.
5151010	Змія проковтнула жабу.	4059775	Змијата проголта жаба.
467459	Слава Україні!	4059803	Слава на Украјна!
6569278	Я не пророк.	4059811	Не сум пророк.
695813	Морква коштує три долари.	4059837	Морковите чинат три долара.
499149	Коробка, яку я знайшов, була пуста.	4062375	Кутијата што ја најдов беше празна.
5198779	Це провокаційна поза.	4062575	Тоа е провокативна поза.
6832458	У слонів довгі хоботи.	4063240	Слоновите имаат долги сурли.
526244	Це фазан.	4065044	Тоа е фазан.
7611065	Життя — це цирк.	4065183	Животот е циркус.
5823820	У Тома є величезний півень.	4066079	Том има огромен кур.
5142291	Мері несе кавун.	4066949	Мери носи лубеница.
8812008	Зараз пів на другу.	4066982	Еден и пол е.
7682351	Я їм грушу.	4067408	Јадам крушка.
5142947	Ласкаво просимо до пекла!	4068376	Добредојде во пеколот!
5187911	Дай мені знак.	4071567	Дај ми знак.
5954059	Це знак.	4071570	Тоа е знак.
693546	Щасливого Нового року!	4074368	Среќна Нова година!
5957833	Ми не спимо.	4074373	Не спиеме.
12330294	Собака виляв хвостом.	4084450	Кучето мавташе со опашката.
6955111	Чий це почерк?	4084762	Чиј ракопис е ова?
1533682	Том безпорадний.	4087500	Том е беспомошен.
6854926	Квадрат має чотири сторони.	4088235	Квадратот има четири страни.
6830277	Том говорить повільно.	4090584	Том зборува бавно.
6830277	Том говорить повільно.	4090586	Том збори бавно.
6550798	Том — комуніст.	4090899	Том е комунист.
5142277	Ми угорці.	4092319	Ние сме Унгарци.
5954142	Яка втрата!	4093354	Каква загуба!
6034383	Том не любить теніс.	4096223	Том не сака тенис.
7713407	Ти шпигун.	4097062	Ти си шпион.
6804304	Де аптека?	4101885	Каде е аптеката?
3290475	Ти плануєш залишитися?	4102079	Имаш ли намера да останеш?
1612829	Він поет.	4102148	Тој е поет.
5743852	Том расист.	4102302	Том е расист.
5866176	У мене рак.	4107181	Имам рак.
6361377	Мама на роботі.	4109561	Мама е на работа.
6740130	Що в нас є?	4109895	Што имаме?
6026164	Я пощуся.	4110039	Постам.
6864116	Том дивиться телевізор.	4114771	Том гледа телевизија.
6672465	Том шофер.	4114796	Том е шофер.
5819940	Том — водій Мері.	4114799	Том е шоферот на Мери.
5819941	Том — шофер Мері.	4114799	Том е шоферот на Мери.
11543976	Що читає Том?	4116902	Што чита Том?
5200634	Ця змія отруйна.	4120720	Таа змија е отровна.
6394454	Це тофу?	4120785	Тофу ли е ова?
379450	Дякую!	4126678	Фала.
6822476	Моя дружина вагітна!	4129258	Жена ми е трудна!
7340319	Це катастрофа.	4129800	Ова е катастрофа.
5142358	«Обвинувачений» – це юридичний термін.	4131385	Зборот „оптуженик“ е легален термин.
7909060	Київ — столиця України.	4137822	Киев е главен град на Украјна.
491055	Столиця Італії - Рим.	4137831	Главен град на Италија е Рим.
7982226	Том спить голий.	4137855	Том спие гол.
6853365	Том дуже романтичний.	4145421	Том е многу романтичен.
5763228	Десять, двадцять, тридцять, сорок, п'ятдесят, шістдесят, сімдесят, вісімдесят, дев'яносто, сто.	4146749	Десет, дваесет, триесет, четириесет, педесет, шеесет, седумдесет, осумдесет, деведесет, сто.
6362431	Йобана курва.	4151455	Ебана курва.
5078037	Том написав книгу.	4154058	Том има напишано книга.
7742277	Підводний човен занурився під воду.	4162033	Подморницата се нурна во водата.
6924581	Мені потрібні нові окуляри.	4164268	Ми требаат нови очила.
6785062	Том купив газету.	4164413	Том купи весник.
12818115	Це цікавий підхід.	4167629	Тоа е интересен пристап.
5688720	У мене є плани на вечерю з Томом.	4191950	Имам планови за вечера со Том.
379450	Дякую!	4210616	Фала!
7800541	Допоможіть! Поліція! Допоможіть!	4251789	Помош! Полиција! Помош!
5142299	Ми одружилися в червні.	4280827	Се венчавме во јуни.
8119211	Я з Будапешта.	4287448	Од Будимпешта сум.
494107	Я попросив його допомогти.	4287818	Го замолив да помогне.
5157922	Це не провал.	4297954	Не е неуспех.
1083096	Дурниці!	4301806	Глупости!
1083096	Дурниці!	4301807	Глупости.
5721777	Собаки білі.	4306869	Кучињата се бели.
6566210	Він любить читати книжки.	4309752	Тој сака да чита книги.
5302342	Трава зелена.	4309755	Тревата е зелена.
5794284	Привіт!	4312126	Здраво.
5794284	Привіт!	4312131	Здраво!
10135207	Чому ти не в Бостоні?	4312523	Зошто не си во Бостон?
6779253	Що сталося в Бостоні?	4312617	Што се случило во Бостон?
5133193	Дякую за все, що ти для мене зробив.	4312781	Ти благодарам за сѐ што направи за мене.
1584607	Перепрошую.	4316459	Извини.
1584607	Перепрошую.	4316507	Извинете.
1584607	Перепрошую.	4316508	Пардон.
1601450	Він діджей.	4319287	Тој е диџеј.
379450	Дякую!	4319316	Благодарам.
5653416	Хто такий Том?	4319317	Кој е Том?
4905524	Я винний.	4322229	Виновен сум.
5934853	Це вона.	4322334	Тоа е она.
5752790	Я сильний.	4322381	Силен сум.
7324692	Я македонка.	4322705	Јас сум Македонка.
5946290	Я помираю?	4322726	Умирам ли?
5948709	Том високий.	4325576	Том е висок.
1787622	Це арфа.	4325602	Харфа е.
5948777	Він має вино.	4325677	Тој има вино.
5164309	Звільніть його.	4325692	Ослободете го.
5948811	Де Том?	4325712	Каде е Том?
4905552	Том молодий.	4325810	Том е млад.
5953051	Том грубий.	4326056	Том е груб.
4905549	Ми молоді.	4326098	Млади сме.
5953148	Я не Том.	4326192	Јас не сум Том.
6724145	Що ти робиш у Бостоні?	4326579	Што правиш во Бостон?
6854658	Я більше не живу в Бостоні.	4326653	Веќе не живеам во Бостон.
6723396	Що ви робите у Бостоні?	4326769	Што правите во Бостон?
6883065	Води немає.	4330012	Вода нема.
5781734	Вибору немає.	4330023	Нема избор.
515147	Сьогодні субота.	4330411	Денес е сабота.
5843992	Він атеїст.	4330703	Тој е атеист.
4941018	Я новий учень.	4330958	Јас сум нов ученик.
8040816	Том має проблему.	4334040	Том има проблем.
1898806	У Тома артрит.	4334041	Том има артритис.
7958864	У Тома темне волосся.	4334057	Том има темна коса.
10319988	Том — журналіст.	4334170	Том е новинар.
5715705	Тома немає вдома.	4334471	Том не е дома.
5938201	Том нічого не знає.	4334573	Том ништо не знае.
928782	Ніхто не досконалий.	4335475	Никој не е совршен.
5669757	Два пива, будь ласка.	4337997	Две пива, Ве молам.
6131549	У тебе є план?	4338480	Имаш ли план?
5159127	У тебе є велосипед?	4338483	Имаш ли велосипед?
6135121	Банани жовті.	4338721	Бананите се жолти.
8827006	Том має дітей?	4341585	Има ли Том деца?
5716136	Де ти працюєш?	4344927	Каде работиш?
6785196	Що їсть Том?	4344981	Што јаде Том?
5128498	Ніколи не говори «ніколи».	4345528	Никогаш не вели „никогаш“.
5705274	Ніхто не слухає.	4345568	Никој не слуша.
6587648	У мене немає горілки.	4346555	Немам вотка.
6587649	Я не маю горілки.	4346555	Немам вотка.
5883343	Це добра кава.	4349603	Тоа е добро кафе.
5698337	Глід був високим.	4349884	Глогот беше висок.
6489051	Я фотограф.	4351627	Фотограф сум.
5176856	Зазвичай я не звертаю увагу на таких, як він.	4352118	Обично не обрнувам внимание на луѓе како него.
4998403	Том християнин?	4354462	Христијанин ли е Том?
4998404	Чи Том християнин?	4354462	Христијанин ли е Том?
5206240	Це для моєї родини.	4354691	За моето семејство е.
6478086	Том зробив омлет.	4355880	Том направи омлет.
6579467	Де музей?	4361173	Каде е музејот?
6821041	Ти харизматичний.	4364737	Харизматичен си.
4919994	Ви інвалід?	4364988	Онеспособен ли си?
5853409	Французька важка.	4368852	Францускиот е тежок.
2427943	Ти схожий на Гаррі Поттера.	4372962	Личиш на Хари Потер.
7934861	Дякую за книжку.	4374205	Фала за книгата.
470417	Що це означає?	4376890	Што значи ова?
6787195	Де живе Том?	4377114	Каде живее Том?
6609854	Том зрадив нас.	4379003	Том нѐ предал.
6332460	Том консультант.	4379075	Том е советник.
6830369	Том — добрий пілот.	4379081	Том е добар пилот.
6476816	Том у Австралії.	4379198	Том е во Австралија.
6786417	Том втрачає кров.	4379229	Том губи крв.
5160485	Том не страждає.	4379389	Том не страда.
480554	Він їсть яблуко.	4382557	Јаде јаболко.
6740784	У вас є адвокат?	4383182	Имате ли адвокат?
6740786	Ви маєте адвоката?	4383182	Имате ли адвокат?
5750408	Ми п'ємо воду.	4385259	Пиеме вода.
1636470	Вона купила йому собаку.	4386101	Таа му купи куче.
6821139	Я маю ключ.	4386378	Имам клуч.
6821140	У мене є ключ.	4386378	Имам клуч.
6821139	Я маю ключ.	4386379	Имам кључ.
6821140	У мене є ключ.	4386379	Имам кључ.
5812216	У мене немає температури.	4386687	Немам температура.
5144835	Я не хочу проблем.	4386790	Не сакам проблеми.
6841974	Я обожнюю читати книжки.	4389362	Обожавам да читам книги.
5133390	Думаю, ми можемо це зробити.	4389688	Мислам дека можеме да го направиме тоа.
6539151	Я хотів би бути вищим.	4392481	Камоли да бев повисок.
8936598	У мене є скарга.	4393075	Имам жалба.
8936599	Я маю скаргу.	4393075	Имам жалба.
6667439	Том має другу роботу.	4394008	Том има и втора работа.
10283746	Том бізнесмен.	4394097	Том е бизнисмен.
5746541	Том спіткнувся та впав.	4396361	Том се сопна и падна.
5716397	Том міліонер.	4396624	Том е милионер.
6690574	Тому подобається арифметика.	4397201	Том сака аритметика.
5949019	У нас немає плану.	4399022	Немаме план.
7992844	Де оригінал?	4403056	Каде е оригиналот?
5144722	Де мати Тома?	4403064	Каде е мајка му на Том?
496990	Що?	4958329	Што?
5714371	Завжди.	5714307	Секогаш.
5308316	У черепах немає зубів.	6964483	Желките немаат заби.
8718133	Новий коронавірус дуже заразний.	8724309	Новиот коронавирус е високо заразен.
13204519	У нас немає Папи Римського!	13204657	Ние немаме Папа!
